TxPackets;TxTime;TxId;xPos;yPos
9;2054;1;71;52
18;2154;1;71;52
27;2178;5;31;25
36;2230;4;59;25
45;2254;1;71;52
54;2278;5;31;25
63;2309;2;5;26
72;2330;4;59;25
81;2354;1;71;52
90;2378;5;31;25
99;2393;8;86;96
108;2409;2;5;26
117;2430;4;59;25
126;2454;1;71;52
135;2478;5;31;25
144;2493;8;86;96
153;2509;2;5;26
162;2530;4;59;25
171;2554;1;71;52
180;2578;5;31;25
189;2593;8;86;96
198;2609;2;5;26
207;2630;4;59;25
216;2654;1;71;52
225;2678;5;31;25
234;2693;8;86;96
243;2709;2;5;26
252;2730;4;59;25
261;2754;1;71;52
270;2763;3;17;55
279;2773;7;42;76
288;2775;2;5;26
297;2778;5;31;25
306;2793;8;86;96
315;2815;0;65;54
324;2830;4;59;25
333;2854;1;71;52
342;2863;3;17;55
351;2873;7;42;76
360;2875;2;5;26
369;2878;5;31;25
378;2893;8;86;96
387;2915;0;65;54
396;2918;-1;66;72
405;2930;4;59;25
414;2954;1;71;52
423;2963;3;17;55
432;2973;7;42;76
441;2975;2;5;26
450;2978;5;31;25
459;2989;6;78;15
468;2993;8;86;96
477;3015;0;65;54
486;3018;-1;66;72
495;3030;4;59;25
504;3040;4;59;25
513;3054;1;71;52
522;3063;3;17;55
531;3073;7;42;76
540;3075;2;5;26
549;3078;5;31;25
558;3089;6;78;15
567;3093;8;86;96
576;3115;0;65;54
585;3118;-1;66;72
594;3133;8;86;96
603;3139;5;31;25
612;3140;4;59;25
621;3154;1;71;52
630;3163;3;17;55
639;3173;7;42;76
648;3175;2;5;26
657;3189;6;78;15
666;3215;0;65;54
675;3218;-1;66;72
684;3233;8;86;96
693;3239;5;31;25
702;3240;4;59;25
711;3254;1;71;52
720;3263;3;17;55
729;3273;7;42;76
738;3275;2;5;26
747;3289;6;78;15
756;3315;0;65;54
765;3318;-1;66;72
774;3333;8;86;96
783;3339;5;31;25
792;3340;4;59;25
801;3354;1;71;52
810;3363;3;17;55
819;3373;7;42;76
828;3375;2;5;26
837;3389;6;78;15
846;3415;0;65;54
855;3418;-1;66;72
864;3433;8;86;96
873;3439;5;31;25
882;3440;4;59;25
891;3454;1;71;52
900;3459;1;71;52
909;3463;3;17;55
918;3473;7;42;76
927;3475;2;5;26
936;3489;6;78;15
945;3515;0;65;54
954;3518;-1;66;72
963;3533;8;86;96
972;3539;5;31;25
981;3540;4;59;25
990;3559;1;71;52
999;3563;3;17;55
1008;3565;-1;66;72
1017;3573;7;42;76
1026;3575;2;5;26
1035;3576;5;31;25
1044;3589;6;78;15
1053;3615;0;65;54
1062;3633;8;86;96
1071;3640;4;59;25
1080;3659;1;71;52
1089;3663;3;17;55
1098;3665;-1;66;72
1107;3673;7;42;76
1116;3675;2;5;26
1125;3676;5;31;25
1134;3689;6;78;15
1143;3715;0;65;54
1152;3733;8;86;96
1161;3740;4;59;25
1170;3759;1;71;52
1179;3763;3;17;55
1188;3765;-1;66;72
1197;3773;7;42;76
1206;3775;2;5;26
1215;3776;5;31;25
1224;3789;6;78;15
1233;3815;0;65;54
1242;3833;8;86;96
1251;3840;4;59;25
1260;3847;4;59;25
1269;3859;1;71;52
1278;3863;3;17;55
1287;3865;-1;66;72
1296;3873;7;42;76
1305;3875;2;5;26
1314;3876;5;31;25
1323;3889;6;78;15
1332;3915;0;65;54
1341;3933;8;86;96
1350;3936;3;17;55
1359;3947;4;59;25
1368;3959;1;71;52
1377;3965;-1;66;72
1386;3973;7;42;76
1395;3975;2;5;26
1404;3976;5;31;25
1413;3980;8;86;96
1422;3989;6;78;15
1431;3995;0;65;54
1440;4036;3;17;55
1449;4047;4;59;25
1458;4059;1;71;52
1467;4065;-1;66;72
1476;4073;7;42;76
1485;4075;2;5;26
1494;4076;5;31;25
1503;4080;8;86;96
1512;4089;6;78;15
1521;4095;0;65;54
1530;4109;6;78;15
1539;4136;3;17;55
1548;4147;4;59;25
1557;4159;1;71;52
1566;4165;-1;66;72
1575;4173;7;42;76
1584;4175;2;5;26
1593;4176;5;31;25
1602;4180;8;86;96
1611;4195;0;65;54
1620;4195;7;42;76
1629;4209;6;78;15
1638;4233;5;31;25
1647;4236;3;17;55
1656;4241;2;5;26
1665;4247;4;59;25
1674;4259;1;71;52
1683;4265;-1;66;72
1692;4280;8;86;96
1701;4295;0;65;54
1710;4295;7;42;76
1719;4309;6;78;15
1728;4333;5;31;25
1737;4336;3;17;55
1746;4341;2;5;26
1755;4347;4;59;25
1764;4359;1;71;52
1773;4365;-1;66;72
1782;4380;8;86;96
1791;4395;0;65;54
1800;4395;7;42;76
1809;4409;6;78;15
1818;4433;5;31;25
1827;4436;3;17;55
1836;4441;2;5;26
1845;4447;4;59;25
1854;4459;1;71;52
1863;4465;-1;66;72
1872;4480;8;86;96
1881;4495;0;65;54
1890;4495;7;42;76
1899;4509;6;78;15
1908;4533;5;31;25
1917;4536;3;17;55
1926;4541;2;5;26
1935;4547;4;59;25
1944;4559;1;71;52
1953;4565;-1;66;72
1962;4575;1;71;52
1971;4580;8;86;96
1980;4595;0;65;54
1989;4595;7;42;76
1998;4609;6;78;15
2007;4633;5;31;25
2016;4636;3;17;55
2025;4641;2;5;26
2034;4647;4;59;25
2043;4665;-1;66;72
2052;4675;1;71;52
2061;4680;8;86;96
2070;4695;0;65;54
2079;4695;7;42;76
2088;4709;6;78;15
2097;4733;5;31;25
2106;4736;3;17;55
2115;4741;2;5;26
2124;4747;4;59;25
2133;4765;-1;66;72
2142;4775;1;71;52
2151;4780;8;86;96
2160;4795;0;65;54
2169;4795;7;42;76
2178;4805;8;86;96
2187;4809;6;78;15
2196;4833;5;31;25
2205;4836;3;17;55
2214;4841;2;5;26
2223;4847;4;59;25
2232;4852;-1;66;72
2241;4875;1;71;52
2250;4895;0;65;54
2259;4895;7;42;76
2268;4905;8;86;96
2277;4909;6;78;15
2286;4933;5;31;25
2295;4936;3;17;55
2304;4938;6;78;15
2313;4939;0;65;54
2322;4941;2;5;26
2331;4943;3;17;55
2340;4947;4;59;25
2349;4952;-1;66;72
2358;4975;1;71;52
2367;4995;7;42;76
2376;4998;1;71;52
2385;5005;8;86;96
2394;5019;4;59;25
2403;5033;5;31;25
2412;5038;6;78;15
2421;5039;0;65;54
2430;5041;2;5;26
2439;5043;3;17;55
2448;5052;-1;66;72
2457;5095;7;42;76
2466;5098;1;71;52
2475;5105;8;86;96
2484;5119;4;59;25
2493;5130;5;31;25
2502;5138;6;78;15
2511;5139;0;65;54
2520;5141;2;5;26
2529;5143;3;17;55
2538;5152;-1;66;72
2547;5195;7;42;76
2556;5198;1;71;52
2565;5205;8;86;96
2574;5211;8;86;96
2583;5219;4;59;25
2592;5230;5;31;25
2601;5238;6;78;15
2610;5239;0;65;54
2619;5241;2;5;26
2628;5243;3;17;55
2637;5252;-1;66;72
2646;5279;7;42;76
2655;5298;1;71;52
2664;5311;8;86;96
2673;5319;4;59;25
2682;5330;5;31;25
2691;5338;6;78;15
2700;5339;0;65;54
2709;5341;2;5;26
2718;5343;3;17;55
2727;5352;-1;66;72
2736;5379;7;42;76
2745;5398;1;71;52
2754;5411;8;86;96
2763;5419;4;59;25
2772;5430;5;31;25
2781;5438;6;78;15
2790;5439;0;65;54
2799;5441;2;5;26
2808;5443;3;17;55
2817;5452;-1;66;72
2826;5461;0;65;54
2835;5479;7;42;76
2844;5498;1;71;52
2853;5511;8;86;96
2862;5519;4;59;25
2871;5530;5;31;25
2880;5538;6;78;15
2889;5541;2;5;26
2898;5543;3;17;55
2907;5552;-1;66;72
2916;5561;0;65;54
2925;5579;7;42;76
2934;5598;1;71;52
2943;5611;8;86;96
2952;5619;4;59;25
2961;5630;5;31;25
2970;5638;6;78;15
2979;5641;2;5;26
2988;5643;3;17;55
2997;5652;-1;66;72
3006;5661;0;65;54
3015;5679;7;42;76
3024;5697;2;5;26
3033;5698;1;71;52
3042;5711;8;86;96
3051;5719;4;59;25
3060;5730;5;31;25
3069;5738;6;78;15
3078;5743;3;17;55
3087;5747;5;31;25
3096;5752;-1;66;72
3105;5761;0;65;54
3114;5769;1;71;52
3123;5779;7;42;76
3132;5797;2;5;26
3141;5811;8;86;96
3150;5819;4;59;25
3159;5828;4;59;25
3168;5838;6;78;15
3177;5843;3;17;55
3186;5847;5;31;25
3195;5852;-1;66;72
3204;5861;0;65;54
3213;5869;1;71;52
3222;5879;7;42;76
3231;5897;2;5;26
3240;5911;8;86;96
3249;5928;4;59;25
3258;5938;6;78;15
3267;5943;3;17;55
3276;5947;5;31;25
3285;5952;-1;66;72
3294;5961;0;65;54
3303;5969;1;71;52
3312;5972;6;78;15
3321;5979;7;42;76
3330;5997;2;5;26
3339;6003;7;42;76
3348;6011;8;86;96
3357;6028;4;59;25
3366;6043;3;17;55
3375;6047;5;31;25
3384;6052;-1;66;72
3393;6061;0;65;54
3402;6069;1;71;52
3411;6072;6;78;15
3420;6097;2;5;26
3429;6103;7;42;76
3438;6110;3;17;55
3447;6111;8;86;96
3456;6128;4;59;25
3465;6147;5;31;25
3474;6152;-1;66;72
3483;6161;0;65;54
3492;6169;1;71;52
3501;6172;6;78;15
3510;6197;2;5;26
3519;6203;7;42;76
3528;6210;3;17;55
3537;6211;8;86;96
3546;6222;8;86;96
3555;6228;4;59;25
3564;6233;-1;66;72
3573;6247;5;31;25
3582;6261;0;65;54
3591;6269;1;71;52
3600;6272;6;78;15
3609;6297;2;5;26
3618;6303;7;42;76
3627;6310;3;17;55
3636;6322;8;86;96
3645;6328;4;59;25
3654;6333;-1;66;72
3663;6347;5;31;25
3672;6361;0;65;54
3681;6369;1;71;52
3690;6372;6;78;15
3699;6397;2;5;26
3708;6403;7;42;76
3717;6410;3;17;55
3726;6422;8;86;96
3735;6428;4;59;25
3744;6433;-1;66;72
3753;6447;5;31;25
3762;6461;0;65;54
3771;6469;1;71;52
3780;6472;6;78;15
3789;6497;2;5;26
3798;6503;7;42;76
3807;6510;3;17;55
3816;6522;8;86;96
3825;6528;4;59;25
3834;6533;-1;66;72
3843;6547;5;31;25
3852;6561;0;65;54
3861;6569;1;71;52
3870;6572;6;78;15
3879;6597;2;5;26
3888;6603;7;42;76
3897;6610;3;17;55
3906;6622;8;86;96
3915;6628;4;59;25
3924;6633;-1;66;72
3933;6647;5;31;25
3942;6661;0;65;54
3951;6669;1;71;52
3960;6672;6;78;15
3969;6673;5;31;25
3978;6697;2;5;26
3987;6703;7;42;76
3996;6710;3;17;55
4005;6722;8;86;96
4014;6727;1;71;52
4023;6728;4;59;25
4032;6733;-1;66;72
4041;6761;0;65;54
4050;6772;6;78;15
4059;6773;5;31;25
4068;6797;2;5;26
4077;6803;7;42;76
4086;6806;0;65;54
4095;6810;3;17;55
4104;6822;8;86;96
4113;6827;1;71;52
4122;6828;4;59;25
4131;6833;-1;66;72
4140;6872;6;78;15
4149;6873;5;31;25
4158;6897;2;5;26
4167;6903;7;42;76
4176;6906;0;65;54
4185;6910;3;17;55
4194;6922;8;86;96
4203;6927;1;71;52
4212;6928;4;59;25
4221;6933;-1;66;72
4230;6972;6;78;15
4239;6973;5;31;25
4248;6983;7;42;76
4257;6997;2;5;26
4266;7006;0;65;54
4275;7010;3;17;55
4284;7022;8;86;96
4293;7026;2;5;26
4302;7027;1;71;52
4311;7028;4;59;25
4320;7033;-1;66;72
4329;7072;6;78;15
4338;7073;5;31;25
4347;7083;7;42;76
4356;7106;0;65;54
4365;7110;3;17;55
4374;7115;4;59;25
4383;7122;8;86;96
4392;7126;2;5;26
4401;7127;1;71;52
4410;7133;-1;66;72
4419;7172;6;78;15
4428;7173;5;31;25
4437;7179;6;78;15
4446;7183;7;42;76
4455;7206;0;65;54
4464;7207;8;86;96
4473;7210;3;17;55
4482;7215;4;59;25
4491;7226;2;5;26
4500;7227;1;71;52
4509;7233;-1;66;72
4518;7273;5;31;25
4527;7279;6;78;15
4536;7283;7;42;76
4545;7306;0;65;54
4554;7307;8;86;96
4563;7310;3;17;55
4572;7315;4;59;25
4581;7326;2;5;26
4590;7327;1;71;52
4599;7333;-1;66;72
4608;7338;-1;66;72
4617;7373;5;31;25
4626;7379;6;78;15
4635;7383;7;42;76
4644;7406;0;65;54
4653;7407;8;86;96
4662;7410;3;17;55
4671;7415;4;59;25
4680;7426;2;5;26
4689;7427;1;71;52
4698;7438;-1;66;72
4707;7473;5;31;25
4716;7479;6;78;15
4725;7483;7;42;76
4734;7506;0;65;54
4743;7507;8;86;96
4752;7510;3;17;55
4761;7515;4;59;25
4770;7526;2;5;26
4779;7527;1;71;52
4788;7538;-1;66;72
4797;7573;5;31;25
4806;7579;6;78;15
4815;7583;7;42;76
4824;7606;0;65;54
4833;7607;8;86;96
4842;7610;3;17;55
4851;7615;4;59;25
4860;7626;2;5;26
4869;7627;1;71;52
4878;7638;-1;66;72
4887;7673;5;31;25
4896;7679;6;78;15
4905;7683;7;42;76
4914;7706;0;65;54
4923;7707;8;86;96
4932;7710;3;17;55
4941;7715;4;59;25
4950;7726;2;5;26
4959;7727;1;71;52
4968;7738;-1;66;72
4977;7773;5;31;25
4986;7779;6;78;15
4995;7783;7;42;76
5004;7806;0;65;54
5013;7807;8;86;96
5022;7810;3;17;55
5031;7815;4;59;25
5040;7826;2;5;26
5049;7827;1;71;52
5058;7838;-1;66;72
5067;7857;3;17;55
5076;7873;5;31;25
5085;7879;6;78;15
5094;7883;7;42;76
5103;7890;0;65;54
5112;7907;8;86;96
5121;7915;4;59;25
5130;7917;2;5;26
5139;7927;1;71;52
5148;7938;-1;66;72
5157;7957;3;17;55
5166;7963;1;71;52
5175;7973;5;31;25
5184;7979;6;78;15
5193;7983;7;42;76
5202;7990;0;65;54
5211;8007;8;86;96
5220;8015;4;59;25
5229;8017;2;5;26
5238;8038;-1;66;72
5247;8057;3;17;55
5256;8063;1;71;52
5265;8073;5;31;25
5274;8079;6;78;15
5283;8083;7;42;76
5292;8090;0;65;54
5301;8107;8;86;96
5310;8111;5;31;25
5319;8115;4;59;25
5328;8117;2;5;26
5337;8132;8;86;96
5346;8138;-1;66;72
5355;8157;3;17;55
5364;8163;1;71;52
5373;8179;6;78;15
5382;8183;7;42;76
5391;8190;0;65;54
5400;8211;5;31;25
5409;8215;4;59;25
5418;8217;2;5;26
5427;8228;7;42;76
5436;8232;8;86;96
5445;8238;-1;66;72
5454;8257;3;17;55
5463;8263;1;71;52
5472;8279;6;78;15
5481;8290;0;65;54
5490;8311;5;31;25
5499;8315;4;59;25
5508;8317;2;5;26
5517;8328;7;42;76
5526;8332;8;86;96
5535;8338;-1;66;72
5544;8349;0;65;54
5553;8357;3;17;55
5562;8363;1;71;52
5571;8379;6;78;15
5580;8411;5;31;25
5589;8413;1;71;52
5598;8415;4;59;25
5607;8417;2;5;26
5616;8428;7;42;76
5625;8432;8;86;96
5634;8438;-1;66;72
5643;8449;0;65;54
5652;8457;3;17;55
5661;8479;6;78;15
5670;8511;5;31;25
5679;8513;1;71;52
5688;8515;4;59;25
5697;8517;2;5;26
5706;8528;7;42;76
5715;8532;8;86;96
5724;8538;-1;66;72
5733;8549;0;65;54
5742;8557;3;17;55
5751;8579;6;78;15
5760;8603;4;59;25
5769;8607;6;78;15
5778;8611;5;31;25
5787;8613;1;71;52
5796;8617;2;5;26
5805;8628;7;42;76
5814;8632;8;86;96
5823;8638;-1;66;72
5832;8649;0;65;54
5841;8657;3;17;55
5850;8703;4;59;25
5859;8707;6;78;15
5868;8711;5;31;25
5877;8713;1;71;52
5886;8717;2;5;26
5895;8728;7;42;76
5904;8732;8;86;96
5913;8738;-1;66;72
5922;8749;0;65;54
5931;8757;3;17;55
5940;8792;-1;66;72
5949;8803;4;59;25
5958;8807;6;78;15
5967;8811;5;31;25
5976;8813;1;71;52
5985;8817;2;5;26
5994;8828;7;42;76
6003;8832;8;86;96
6012;8849;0;65;54
6021;8857;3;17;55
6030;8892;-1;66;72
6039;8903;4;59;25
6048;8907;6;78;15
6057;8911;5;31;25
6066;8913;1;71;52
6075;8917;2;5;26
6084;8928;7;42;76
6093;8932;8;86;96
6102;8949;0;65;54
6111;8957;3;17;55
6120;8992;-1;66;72
6129;9003;4;59;25
6138;9007;6;78;15
6147;9011;5;31;25
6156;9013;1;71;52
6165;9017;2;5;26
6174;9028;7;42;76
6183;9032;8;86;96
6192;9049;0;65;54
6201;9057;3;17;55
6210;9092;-1;66;72
6219;9103;4;59;25
6228;9107;6;78;15
6237;9111;5;31;25
6246;9113;1;71;52
6255;9117;2;5;26
6264;9128;7;42;76
6273;9132;8;86;96
6282;9149;0;65;54
6291;9157;3;17;55
6300;9158;8;86;96
6309;9162;1;71;52
6318;9192;-1;66;72
6327;9203;4;59;25
6336;9207;6;78;15
6345;9211;5;31;25
6354;9217;2;5;26
6363;9228;7;42;76
6372;9249;0;65;54
6381;9257;3;17;55
6390;9258;8;86;96
6399;9262;1;71;52
6408;9282;4;59;25
6417;9292;-1;66;72
6426;9307;6;78;15
6435;9311;5;31;25
6444;9317;2;5;26
6453;9328;7;42;76
6462;9341;3;17;55
6471;9349;0;65;54
6480;9358;8;86;96
6489;9362;1;71;52
6498;9382;4;59;25
6507;9385;2;5;26
6516;9392;-1;66;72
6525;9407;6;78;15
6534;9411;5;31;25
6543;9428;7;42;76
6552;9441;3;17;55
6561;9449;0;65;54
6570;9458;8;86;96
6579;9462;1;71;52
6588;9482;4;59;25
6597;9485;2;5;26
6606;9492;-1;66;72
6615;9507;6;78;15
6624;9511;5;31;25
6633;9528;7;42;76
6642;9541;3;17;55
6651;9549;0;65;54
6660;9558;8;86;96
6669;9562;1;71;52
6678;9582;4;59;25
6687;9585;2;5;26
6696;9592;-1;66;72
6705;9596;5;31;25
6714;9607;6;78;15
6723;9628;7;42;76
6732;9641;3;17;55
6741;9646;7;42;76
6750;9649;0;65;54
6759;9658;8;86;96
6768;9662;1;71;52
6777;9667;0;65;54
6786;9682;4;59;25
6795;9685;2;5;26
6804;9692;-1;66;72
6813;9696;5;31;25
6822;9707;6;78;15
6831;9719;6;78;15
6840;9741;3;17;55
6849;9746;7;42;76
6858;9758;8;86;96
6867;9762;1;71;52
6876;9767;0;65;54
6885;9782;4;59;25
6894;9785;2;5;26
6903;9792;-1;66;72
6912;9796;5;31;25
6921;9819;6;78;15
6930;9841;3;17;55
6939;9846;7;42;76
6948;9857;2;5;26
6957;9858;8;86;96
6966;9862;1;71;52
6975;9867;0;65;54
6984;9882;4;59;25
6993;9892;-1;66;72
7002;9896;5;31;25
7011;9919;6;78;15
7020;9941;3;17;55
7029;9946;7;42;76
7038;9957;2;5;26
7047;9958;8;86;96
7056;9962;1;71;52
7065;9967;0;65;54
7074;9982;4;59;25
7083;9992;-1;66;72
7092;9996;5;31;25
7101;10019;6;78;15
7110;10041;3;17;55
7119;10046;7;42;76
7128;10057;2;5;26
7137;10058;8;86;96
7146;10062;1;71;52
7155;10067;0;65;54
7164;10072;1;71;52
7173;10082;4;59;25
7182;10092;-1;66;72
7191;10093;7;42;76
7200;10096;5;31;25
7209;10119;6;78;15
7218;10141;3;17;55
7227;10157;2;5;26
7236;10158;8;86;96
7245;10167;0;65;54
7254;10172;1;71;52
7263;10179;-1;66;72
7272;10182;4;59;25
7281;10193;7;42;76
7290;10196;5;31;25
7299;10219;6;78;15
7308;10241;3;17;55
7317;10257;2;5;26
7326;10258;8;86;96
7335;10267;0;65;54
7344;10272;1;71;52
7353;10279;-1;66;72
7362;10282;4;59;25
7371;10291;8;86;96
7380;10293;7;42;76
7389;10296;5;31;25
7398;10319;6;78;15
7407;10341;3;17;55
7416;10357;2;5;26
7425;10367;0;65;54
7434;10368;5;31;25
7443;10372;1;71;52
7452;10379;-1;66;72
7461;10382;4;59;25
7470;10391;8;86;96
7479;10393;7;42;76
7488;10419;6;78;15
7497;10441;3;17;55
7506;10457;2;5;26
7515;10467;0;65;54
7524;10468;5;31;25
7533;10472;1;71;52
7542;10479;-1;66;72
7551;10482;4;59;25
7560;10491;8;86;96
7569;10493;7;42;76
7578;10519;6;78;15
7587;10541;3;17;55
7596;10557;2;5;26
7605;10567;0;65;54
7614;10568;5;31;25
7623;10572;1;71;52
7632;10579;-1;66;72
7641;10582;4;59;25
7650;10591;8;86;96
7659;10593;7;42;76
7668;10614;0;65;54
7677;10615;6;78;15
7686;10631;3;17;55
7695;10657;2;5;26
7704;10668;5;31;25
7713;10672;1;71;52
7722;10679;-1;66;72
7731;10682;4;59;25
7740;10691;8;86;96
7749;10693;7;42;76
7758;10714;0;65;54
7767;10715;6;78;15
7776;10719;4;59;25
7785;10731;3;17;55
7794;10738;7;42;76
7803;10757;2;5;26
7812;10768;5;31;25
7821;10772;1;71;52
7830;10779;-1;66;72
7839;10791;8;86;96
7848;10814;0;65;54
7857;10815;6;78;15
7866;10819;4;59;25
7875;10831;3;17;55
7884;10838;7;42;76
7893;10856;8;86;96
7902;10857;2;5;26
7911;10868;5;31;25
7920;10872;1;71;52
7929;10875;2;5;26
7938;10879;-1;66;72
7947;10914;0;65;54
7956;10915;6;78;15
7965;10919;4;59;25
7974;10931;3;17;55
7983;10938;7;42;76
7992;10956;8;86;96
8001;10968;5;31;25
8010;10972;1;71;52
8019;10975;2;5;26
8028;10979;-1;66;72
8037;11014;0;65;54
8046;11015;6;78;15
8055;11019;4;59;25
8064;11031;3;17;55
8073;11038;7;42;76
8082;11039;0;65;54
8091;11056;8;86;96
8100;11068;5;31;25
8109;11072;1;71;52
8118;11075;2;5;26
8127;11079;-1;66;72
8136;11115;6;78;15
8145;11119;4;59;25
8154;11131;3;17;55
8163;11138;7;42;76
8172;11139;0;65;54
8181;11156;8;86;96
8190;11164;5;31;25
8199;11172;1;71;52
8208;11175;2;5;26
8217;11179;-1;66;72
8226;11215;6;78;15
8235;11219;4;59;25
8244;11231;3;17;55
8253;11238;7;42;76
8262;11239;0;65;54
8271;11256;8;86;96
8280;11264;5;31;25
8289;11272;1;71;52
8298;11275;2;5;26
8307;11279;-1;66;72
8316;11315;6;78;15
8325;11319;4;59;25
8334;11331;3;17;55
8343;11338;7;42;76
8352;11339;0;65;54
8361;11343;-1;66;72
8370;11356;8;86;96
8379;11364;5;31;25
8388;11372;1;71;52
8397;11375;2;5;26
8406;11415;6;78;15
8415;11419;4;59;25
8424;11431;3;17;55
8433;11437;1;71;52
8442;11438;7;42;76
8451;11439;0;65;54
8460;11443;-1;66;72
8469;11456;8;86;96
8478;11464;5;31;25
8487;11475;2;5;26
8496;11515;6;78;15
8505;11519;4;59;25
8514;11531;3;17;55
8523;11537;1;71;52
8532;11538;7;42;76
8541;11539;0;65;54
8550;11543;-1;66;72
8559;11556;8;86;96
8568;11564;5;31;25
8577;11575;2;5;26
8586;11615;6;78;15
8595;11619;4;59;25
8604;11627;7;42;76
8613;11631;3;17;55
8622;11637;1;71;52
8631;11639;0;65;54
8640;11643;-1;66;72
8649;11656;8;86;96
8658;11664;5;31;25
8667;11675;2;5;26
8676;11692;2;5;26
8685;11702;8;86;96
8694;11715;6;78;15
8703;11719;4;59;25
8712;11727;7;42;76
8721;11731;3;17;55
8730;11737;1;71;52
8739;11739;0;65;54
8748;11743;-1;66;72
8757;11764;5;31;25
8766;11792;2;5;26
8775;11802;8;86;96
8784;11815;6;78;15
8793;11819;4;59;25
8802;11827;7;42;76
8811;11831;3;17;55
8820;11837;1;71;52
8829;11839;0;65;54
8838;11843;-1;66;72
8847;11864;5;31;25
8856;11892;2;5;26
8865;11898;6;78;15
8874;11902;8;86;96
8883;11919;4;59;25
8892;11927;7;42;76
8901;11931;3;17;55
8910;11937;1;71;52
8919;11939;0;65;54
8928;11943;-1;66;72
8937;11947;3;17;55
8946;11964;5;31;25
8955;11992;2;5;26
8964;11998;6;78;15
8973;12002;8;86;96
8982;12015;4;59;25
8991;12027;7;42;76
9000;12037;1;71;52
9009;12039;0;65;54
9018;12043;-1;66;72
9027;12047;3;17;55
9036;12064;5;31;25
9045;12092;2;5;26
9054;12098;6;78;15
9063;12102;8;86;96
9072;12115;4;59;25
9081;12127;7;42;76
9090;12137;1;71;52
9099;12139;0;65;54
9108;12143;-1;66;72
9117;12147;3;17;55
9126;12164;5;31;25
9135;12192;2;5;26
9144;12198;6;78;15
9153;12202;8;86;96
9162;12215;4;59;25
9171;12227;7;42;76
9180;12237;1;71;52
9189;12239;0;65;54
9198;12243;-1;66;72
9207;12247;3;17;55
9216;12264;5;31;25
9225;12292;2;5;26
9234;12293;8;86;96
9243;12298;6;78;15
9252;12315;4;59;25
9261;12327;7;42;76
9270;12337;1;71;52
9279;12339;0;65;54
9288;12343;-1;66;72
9297;12347;3;17;55
9306;12364;5;31;25
9315;12392;2;5;26
9324;12393;8;86;96
9333;12398;6;78;15
9342;12415;4;59;25
9351;12417;-1;66;72
9360;12421;0;65;54
9369;12427;7;42;76
9378;12437;1;71;52
9387;12447;3;17;55
9396;12464;5;31;25
9405;12492;2;5;26
9414;12493;8;86;96
9423;12498;6;78;15
9432;12515;4;59;25
9441;12517;-1;66;72
9450;12521;0;65;54
9459;12527;7;42;76
9468;12537;1;71;52
9477;12547;3;17;55
9486;12564;5;31;25
9495;12584;5;31;25
9504;12592;2;5;26
9513;12593;8;86;96
9522;12598;6;78;15
9531;12615;4;59;25
9540;12617;-1;66;72
9549;12621;0;65;54
9558;12627;7;42;76
9567;12637;1;71;52
9576;12647;3;17;55
9585;12684;5;31;25
9594;12692;2;5;26
9603;12693;8;86;96
9612;12698;6;78;15
9621;12715;4;59;25
9630;12717;-1;66;72
9639;12721;0;65;54
9648;12723;7;42;76
9657;12729;6;78;15
9666;12737;1;71;52
9675;12747;3;17;55
9684;12784;5;31;25
9693;12792;2;5;26
9702;12793;8;86;96
9711;12806;8;86;96
9720;12815;4;59;25
9729;12817;-1;66;72
9738;12821;0;65;54
9747;12823;7;42;76
9756;12829;6;78;15
9765;12837;1;71;52
9774;12847;3;17;55
9783;12884;5;31;25
9792;12892;2;5;26
9801;12906;8;86;96
9810;12915;4;59;25
9819;12917;-1;66;72
9828;12921;0;65;54
9837;12923;7;42;76
9846;12929;6;78;15
9855;12937;1;71;52
9864;12947;3;17;55
9873;12980;1;71;52
9882;12984;5;31;25
9891;12992;2;5;26
9900;13006;8;86;96
9909;13015;4;59;25
9918;13017;-1;66;72
9927;13021;0;65;54
9936;13023;7;42;76
9945;13029;6;78;15
9954;13047;3;17;55
9963;13080;1;71;52
9972;13084;5;31;25
9981;13092;2;5;26
9990;13106;8;86;96
9999;13111;5;31;25
10008;13114;-1;66;72
10017;13115;4;59;25
10026;13119;0;65;54
10035;13120;3;17;55
10044;13123;7;42;76
10053;13129;6;78;15
10062;13167;2;5;26
10071;13180;1;71;52
10080;13206;8;86;96
10089;13211;5;31;25
10098;13214;-1;66;72
10107;13215;4;59;25
10116;13219;0;65;54
10125;13220;3;17;55
10134;13223;7;42;76
10143;13229;6;78;15
10152;13238;4;59;25
10161;13267;2;5;26
10170;13280;1;71;52
10179;13306;8;86;96
10188;13311;5;31;25
10197;13314;-1;66;72
10206;13319;0;65;54
10215;13320;3;17;55
10224;13323;7;42;76
10233;13329;6;78;15
10242;13338;4;59;25
10251;13367;2;5;26
10260;13380;1;71;52
10269;13406;8;86;96
10278;13411;5;31;25
10287;13414;-1;66;72
10296;13419;0;65;54
10305;13420;3;17;55
10314;13423;7;42;76
10323;13429;6;78;15
10332;13438;4;59;25
10341;13467;2;5;26
10350;13480;1;71;52
10359;13506;8;86;96
10368;13511;5;31;25
10377;13514;-1;66;72
10386;13519;0;65;54
10395;13520;3;17;55
10404;13523;7;42;76
10413;13529;6;78;15
10422;13538;4;59;25
10431;13567;2;5;26
10440;13580;1;71;52
10449;13606;8;86;96
10458;13611;5;31;25
10467;13614;-1;66;72
10476;13619;0;65;54
10485;13620;3;17;55
10494;13621;5;31;25
10503;13623;7;42;76
10512;13629;6;78;15
10521;13638;4;59;25
10530;13648;4;59;25
10539;13667;2;5;26
10548;13680;1;71;52
10557;13684;2;5;26
10566;13706;8;86;96
10575;13707;-1;66;72
10584;13719;0;65;54
10593;13720;3;17;55
10602;13721;5;31;25
10611;13723;7;42;76
10620;13729;6;78;15
10629;13748;4;59;25
10638;13780;1;71;52
10647;13784;2;5;26
10656;13806;8;86;96
10665;13807;-1;66;72
10674;13819;0;65;54
10683;13820;3;17;55
10692;13821;5;31;25
10701;13823;7;42;76
10710;13829;6;78;15
10719;13842;0;65;54
10728;13848;4;59;25
10737;13863;7;42;76
10746;13880;1;71;52
10755;13884;2;5;26
10764;13906;8;86;96
10773;13907;-1;66;72
10782;13920;3;17;55
10791;13921;5;31;25
10800;13929;6;78;15
10809;13942;0;65;54
10818;13948;4;59;25
10827;13963;7;42;76
10836;13980;1;71;52
10845;13984;2;5;26
10854;13986;1;71;52
10863;14006;8;86;96
10872;14007;-1;66;72
10881;14020;3;17;55
10890;14021;5;31;25
10899;14029;6;78;15
10908;14032;8;86;96
10917;14042;0;65;54
10926;14048;4;59;25
10935;14063;7;42;76
10944;14084;2;5;26
10953;14086;1;71;52
10962;14107;-1;66;72
10971;14120;3;17;55
10980;14121;5;31;25
10989;14129;6;78;15
10998;14132;8;86;96
11007;14142;0;65;54
11016;14148;4;59;25
11025;14163;7;42;76
11034;14184;2;5;26
11043;14186;1;71;52
11052;14192;6;78;15
11061;14207;-1;66;72
11070;14220;3;17;55
11079;14221;5;31;25
11088;14232;8;86;96
11097;14242;0;65;54
11106;14248;4;59;25
11115;14263;7;42;76
11124;14284;2;5;26
11133;14286;1;71;52
11142;14292;6;78;15
11151;14307;-1;66;72
11160;14320;3;17;55
11169;14321;5;31;25
11178;14332;8;86;96
11187;14342;0;65;54
11196;14348;4;59;25
11205;14363;7;42;76
11214;14384;2;5;26
11223;14386;-1;66;72
11232;14386;1;71;52
11241;14392;6;78;15
11250;14416;5;31;25
11259;14420;3;17;55
11268;14432;8;86;96
11277;14442;0;65;54
11286;14448;4;59;25
11295;14463;7;42;76
11304;14484;2;5;26
11313;14486;-1;66;72
11322;14486;1;71;52
11331;14492;6;78;15
11340;14516;5;31;25
11349;14520;3;17;55
11358;14532;8;86;96
11367;14542;0;65;54
11376;14544;3;17;55
11385;14548;4;59;25
11394;14563;7;42;76
11403;14568;7;42;76
11412;14584;2;5;26
11421;14586;-1;66;72
11430;14586;1;71;52
11439;14592;6;78;15
11448;14616;5;31;25
11457;14632;8;86;96
11466;14642;0;65;54
11475;14644;3;17;55
11484;14648;4;59;25
11493;14668;7;42;76
11502;14684;2;5;26
11511;14686;-1;66;72
11520;14686;1;71;52
11529;14692;6;78;15
11538;14716;5;31;25
11547;14732;8;86;96
11556;14742;0;65;54
11565;14744;3;17;55
11574;14748;4;59;25
11583;14768;7;42;76
11592;14784;2;5;26
11601;14786;-1;66;72
11610;14786;1;71;52
11619;14792;6;78;15
11628;14816;5;31;25
11637;14832;8;86;96
11646;14842;0;65;54
11655;14844;3;17;55
11664;14848;4;59;25
11673;14868;7;42;76
11682;14883;4;59;25
11691;14884;2;5;26
11700;14886;-1;66;72
11709;14886;1;71;52
11718;14892;6;78;15
11727;14916;5;31;25
11736;14932;8;86;96
11745;14942;0;65;54
11754;14944;3;17;55
11763;14968;7;42;76
11772;14983;4;59;25
11781;14984;2;5;26
11790;14986;-1;66;72
11799;14986;1;71;52
11808;14992;6;78;15
11817;15016;5;31;25
11826;15020;1;71;52
11835;15028;8;86;96
11844;15042;0;65;54
11853;15044;3;17;55
11862;15059;0;65;54
11871;15068;7;42;76
11880;15082;6;78;15
11889;15083;4;59;25
11898;15084;2;5;26
11907;15086;-1;66;72
11916;15091;2;5;26
11925;15116;5;31;25
11934;15120;1;71;52
11943;15128;8;86;96
11952;15144;3;17;55
11961;15159;0;65;54
11970;15168;7;42;76
11979;15182;6;78;15
11988;15183;4;59;25
11997;15186;-1;66;72
12006;15191;2;5;26
12015;15201;-1;66;72
12024;15216;5;31;25
12033;15220;1;71;52
12042;15228;8;86;96
12051;15244;3;17;55
12060;15259;0;65;54
12069;15268;7;42;76
12078;15279;3;17;55
12087;15282;6;78;15
12096;15283;4;59;25
12105;15291;2;5;26
12114;15301;-1;66;72
12123;15316;5;31;25
12132;15320;1;71;52
12141;15328;8;86;96
12150;15359;0;65;54
12159;15368;7;42;76
12168;15379;3;17;55
12177;15382;6;78;15
12186;15383;4;59;25
12195;15391;2;5;26
12204;15401;-1;66;72
12213;15416;5;31;25
12222;15420;1;71;52
12231;15428;8;86;96
12240;15459;0;65;54
12249;15468;7;42;76
12258;15479;3;17;55
12267;15482;6;78;15
12276;15483;4;59;25
12285;15491;2;5;26
12294;15501;-1;66;72
12303;15516;5;31;25
12312;15520;1;71;52
12321;15528;8;86;96
12330;15559;0;65;54
12339;15567;7;42;76
12348;15579;3;17;55
12357;15582;6;78;15
12366;15583;4;59;25
12375;15591;2;5;26
12384;15599;1;71;52
12393;15601;-1;66;72
12402;15616;5;31;25
12411;15628;8;86;96
12420;15639;5;31;25
12429;15659;0;65;54
12438;15667;7;42;76
12447;15679;3;17;55
12456;15682;6;78;15
12465;15683;4;59;25
12474;15691;2;5;26
12483;15699;1;71;52
12492;15701;-1;66;72
12501;15702;3;17;55
12510;15728;8;86;96
12519;15739;5;31;25
12528;15759;0;65;54
12537;15767;7;42;76
12546;15782;6;78;15
12555;15783;4;59;25
12564;15791;2;5;26
12573;15799;1;71;52
12582;15801;-1;66;72
12591;15802;3;17;55
12600;15810;-1;66;72
12609;15828;8;86;96
12618;15839;5;31;25
12627;15859;0;65;54
12636;15867;7;42;76
12645;15882;6;78;15
12654;15883;4;59;25
12663;15891;2;5;26
12672;15899;1;71;52
12681;15902;3;17;55
12690;15910;-1;66;72
12699;15916;0;65;54
12708;15928;8;86;96
12717;15939;5;31;25
12726;15967;7;42;76
12735;15982;6;78;15
12744;15983;4;59;25
12753;15991;2;5;26
12762;15999;1;71;52
12771;16002;2;5;26
12780;16002;3;17;55
12789;16010;-1;66;72
12798;16016;0;65;54
12807;16028;8;86;96
12816;16039;5;31;25
12825;16067;7;42;76
12834;16082;6;78;15
12843;16083;4;59;25
12852;16099;1;71;52
12861;16102;2;5;26
12870;16102;3;17;55
12879;16110;-1;66;72
12888;16116;0;65;54
12897;16128;8;86;96
12906;16139;5;31;25
12915;16160;7;42;76
12924;16182;6;78;15
12933;16183;4;59;25
12942;16199;1;71;52
12951;16202;2;5;26
12960;16202;3;17;55
12969;16210;-1;66;72
12978;16216;0;65;54
12987;16222;4;59;25
12996;16228;8;86;96
13005;16239;5;31;25
13014;16260;7;42;76
13023;16282;6;78;15
13032;16299;1;71;52
13041;16302;2;5;26
13050;16302;3;17;55
13059;16310;-1;66;72
13068;16316;0;65;54
13077;16322;4;59;25
13086;16328;8;86;96
13095;16339;5;31;25
13104;16360;7;42;76
13113;16382;6;78;15
13122;16399;1;71;52
13131;16402;2;5;26
13140;16402;3;17;55
13149;16410;-1;66;72
13158;16416;0;65;54
13167;16422;4;59;25
13176;16428;8;86;96
13185;16439;1;71;52
13194;16439;5;31;25
13203;16457;6;78;15
13212;16460;7;42;76
13221;16476;8;86;96
13230;16502;2;5;26
13239;16502;3;17;55
13248;16510;-1;66;72
13257;16516;0;65;54
13266;16522;4;59;25
13275;16523;3;17;55
13284;16539;1;71;52
13293;16539;5;31;25
13302;16557;6;78;15
13311;16560;7;42;76
13320;16576;8;86;96
13329;16602;2;5;26
13338;16610;-1;66;72
13347;16616;0;65;54
13356;16622;4;59;25
13365;16623;3;17;55
13374;16639;1;71;52
13383;16639;5;31;25
13392;16657;6;78;15
13401;16660;7;42;76
13410;16676;8;86;96
13419;16702;2;5;26
13428;16710;-1;66;72
13437;16716;0;65;54
13446;16722;4;59;25
13455;16723;3;17;55
13464;16739;1;71;52
13473;16739;5;31;25
13482;16757;6;78;15
13491;16760;7;42;76
13500;16776;8;86;96
13509;16802;2;5;26
13518;16810;-1;66;72
13527;16815;7;42;76
13536;16816;0;65;54
13545;16822;4;59;25
13554;16823;3;17;55
13563;16831;4;59;25
13572;16839;1;71;52
13581;16839;5;31;25
13590;16857;6;78;15
13599;16876;8;86;96
13608;16902;2;5;26
13617;16910;-1;66;72
13626;16915;0;65;54
13635;16915;7;42;76
13644;16923;3;17;55
13653;16931;4;59;25
13662;16939;1;71;52
13671;16939;5;31;25
13680;16957;6;78;15
13689;16976;8;86;96
13698;16997;3;17;55
13707;16999;1;71;52
13716;17002;2;5;26
13725;17010;-1;66;72
13734;17012;8;86;96
13743;17015;0;65;54
13752;17015;7;42;76
13761;17018;5;31;25
13770;17031;4;59;25
13779;17057;6;78;15
13788;17097;3;17;55
13797;17099;1;71;52
13806;17102;2;5;26
13815;17110;-1;66;72
13824;17112;8;86;96
13833;17115;0;65;54
13842;17115;7;42;76
13851;17118;5;31;25
13860;17131;4;59;25
13869;17137;2;5;26
13878;17157;6;78;15
13887;17190;-1;66;72
13896;17197;3;17;55
13905;17199;1;71;52
13914;17212;8;86;96
13923;17215;0;65;54
13932;17215;7;42;76
13941;17218;5;31;25
13950;17231;4;59;25
13959;17237;2;5;26
13968;17257;6;78;15
13977;17290;-1;66;72
13986;17297;3;17;55
13995;17299;1;71;52
14004;17312;8;86;96
14013;17315;0;65;54
14022;17315;7;42;76
14031;17318;5;31;25
14040;17331;4;59;25
14049;17337;2;5;26
14058;17357;6;78;15
14067;17390;-1;66;72
14076;17397;3;17;55
14085;17399;1;71;52
14094;17412;8;86;96
14103;17415;0;65;54
14112;17415;7;42;76
14121;17418;5;31;25
14130;17431;4;59;25
14139;17437;2;5;26
14148;17447;4;59;25
14157;17457;6;78;15
14166;17490;-1;66;72
14175;17497;3;17;55
14184;17499;1;71;52
14193;17512;8;86;96
14202;17515;0;65;54
14211;17515;7;42;76
14220;17518;5;31;25
14229;17537;2;5;26
14238;17547;4;59;25
14247;17557;6;78;15
14256;17590;-1;66;72
14265;17597;3;17;55
14274;17599;1;71;52
14283;17612;8;86;96
14292;17615;0;65;54
14301;17615;7;42;76
14310;17617;3;17;55
14319;17618;5;31;25
14328;17637;2;5;26
14337;17647;4;59;25
14346;17657;6;78;15
14355;17690;-1;66;72
14364;17699;1;71;52
14373;17712;8;86;96
14382;17715;0;65;54
14391;17715;7;42;76
14400;17717;3;17;55
14409;17718;5;31;25
14418;17737;2;5;26
14427;17747;4;59;25
14436;17757;6;78;15
14445;17790;-1;66;72
14454;17799;1;71;52
14463;17803;2;5;26
14472;17812;8;86;96
14481;17815;0;65;54
14490;17815;7;42;76
14499;17817;3;17;55
14508;17818;5;31;25
14517;17847;4;59;25
14526;17857;6;78;15
14535;17864;6;78;15
14544;17873;0;65;54
14553;17890;-1;66;72
14562;17899;1;71;52
14571;17903;2;5;26
14580;17912;8;86;96
14589;17915;7;42;76
14598;17917;3;17;55
14607;17918;5;31;25
14616;17947;4;59;25
14625;17964;6;78;15
14634;17973;0;65;54
14643;17990;-1;66;72
14652;17999;1;71;52
14661;18003;2;5;26
14670;18012;8;86;96
14679;18015;7;42;76
14688;18017;3;17;55
14697;18018;5;31;25
14706;18047;4;59;25
14715;18064;6;78;15
14724;18073;0;65;54
14733;18090;-1;66;72
14742;18095;7;42;76
14751;18099;1;71;52
14760;18103;2;5;26
14769;18112;8;86;96
14778;18117;3;17;55
14787;18118;5;31;25
14796;18147;4;59;25
14805;18164;6;78;15
14814;18173;0;65;54
14823;18190;-1;66;72
14832;18195;7;42;76
14841;18199;1;71;52
14850;18203;2;5;26
14859;18212;8;86;96
14868;18217;3;17;55
14877;18218;5;31;25
14886;18247;4;59;25
14895;18264;6;78;15
14904;18273;0;65;54
14913;18290;-1;66;72
14922;18295;7;42;76
14931;18299;1;71;52
14940;18303;2;5;26
14949;18312;8;86;96
14958;18317;3;17;55
14967;18318;5;31;25
14976;18340;1;71;52
14985;18345;-1;66;72
14994;18347;4;59;25
15003;18364;6;78;15
15012;18373;0;65;54
15021;18387;8;86;96
15030;18395;7;42;76
15039;18403;2;5;26
15048;18417;3;17;55
15057;18418;5;31;25
15066;18440;1;71;52
15075;18445;-1;66;72
15084;18447;4;59;25
15093;18464;6;78;15
15102;18473;0;65;54
15111;18473;5;31;25
15120;18487;8;86;96
15129;18495;7;42;76
15138;18503;2;5;26
15147;18517;3;17;55
15156;18540;1;71;52
15165;18545;-1;66;72
15174;18547;4;59;25
15183;18564;6;78;15
15192;18573;0;65;54
15201;18573;5;31;25
15210;18587;8;86;96
15219;18595;7;42;76
15228;18603;2;5;26
15237;18613;6;78;15
15246;18617;3;17;55
15255;18640;1;71;52
15264;18645;-1;66;72
15273;18647;4;59;25
15282;18673;0;65;54
15291;18673;5;31;25
15300;18687;8;86;96
15309;18695;7;42;76
15318;18703;2;5;26
15327;18707;4;59;25
15336;18713;6;78;15
15345;18717;3;17;55
15354;18740;1;71;52
15363;18745;-1;66;72
15372;18773;0;65;54
15381;18773;5;31;25
15390;18787;8;86;96
15399;18795;7;42;76
15408;18803;2;5;26
15417;18807;4;59;25
15426;18813;6;78;15
15435;18817;3;17;55
15444;18840;1;71;52
15453;18844;7;42;76
15462;18845;-1;66;72
15471;18873;0;65;54
15480;18873;5;31;25
15489;18887;8;86;96
15498;18903;2;5;26
15507;18907;4;59;25
15516;18913;6;78;15
15525;18917;3;17;55
15534;18940;1;71;52
15543;18944;7;42;76
15552;18945;-1;66;72
15561;18973;0;65;54
15570;18973;5;31;25
15579;18986;-1;66;72
15588;18987;8;86;96
15597;19000;1;71;52
15606;19003;2;5;26
15615;19007;4;59;25
15624;19013;6;78;15
15633;19017;3;17;55
15642;19023;0;65;54
15651;19044;7;42;76
15660;19066;2;5;26
15669;19073;5;31;25
15678;19086;-1;66;72
15687;19087;8;86;96
15696;19088;3;17;55
15705;19100;1;71;52
15714;19107;4;59;25
15723;19113;6;78;15
15732;19123;0;65;54
15741;19144;7;42;76
15750;19166;2;5;26
15759;19173;5;31;25
15768;19186;-1;66;72
15777;19187;8;86;96
15786;19188;3;17;55
15795;19200;1;71;52
15804;19207;4;59;25
15813;19213;6;78;15
15822;19223;0;65;54
15831;19244;7;42;76
15840;19266;2;5;26
15849;19273;5;31;25
15858;19286;-1;66;72
15867;19287;8;86;96
15876;19288;3;17;55
15885;19300;1;71;52
15894;19307;4;59;25
15903;19313;6;78;15
15912;19323;0;65;54
15921;19344;7;42;76
15930;19366;2;5;26
15939;19373;5;31;25
15948;19386;-1;66;72
15957;19387;8;86;96
15966;19388;3;17;55
15975;19400;1;71;52
15984;19407;4;59;25
15993;19413;6;78;15
16002;19423;0;65;54
16011;19433;8;86;96
16020;19444;7;42;76
16029;19466;2;5;26
16038;19473;5;31;25
16047;19486;-1;66;72
16056;19488;3;17;55
16065;19500;1;71;52
16074;19507;4;59;25
16083;19513;6;78;15
16092;19523;0;65;54
16101;19533;8;86;96
16110;19541;-1;66;72
16119;19544;7;42;76
16128;19566;2;5;26
16137;19573;5;31;25
16146;19588;3;17;55
16155;19600;1;71;52
16164;19607;4;59;25
16173;19613;6;78;15
16182;19623;0;65;54
16191;19633;8;86;96
16200;19641;-1;66;72
16209;19644;7;42;76
16218;19646;1;71;52
16227;19655;4;59;25
16236;19666;2;5;26
16245;19673;5;31;25
16254;19688;3;17;55
16263;19713;6;78;15
16272;19723;0;65;54
16281;19733;8;86;96
16290;19741;-1;66;72
16299;19744;7;42;76
16308;19746;1;71;52
16317;19755;4;59;25
16326;19766;2;5;26
16335;19773;5;31;25
16344;19788;3;17;55
16353;19813;6;78;15
16362;19823;0;65;54
16371;19833;8;86;96
16380;19841;-1;66;72
16389;19844;7;42;76
16398;19846;1;71;52
16407;19855;4;59;25
16416;19866;2;5;26
16425;19873;5;31;25
16434;19888;3;17;55
16443;19901;6;78;15
16452;19923;0;65;54
16461;19933;8;86;96
16470;19941;-1;66;72
16479;19941;5;31;25
16488;19944;7;42;76
16497;19946;1;71;52
16506;19955;4;59;25
16515;19966;2;5;26
16524;19988;3;17;55
16533;19991;-1;66;72
16542;19992;8;86;96
16551;20001;6;78;15
16560;20023;0;65;54
16569;20041;5;31;25
16578;20044;7;42;76
16587;20046;1;71;52
16596;20055;4;59;25
16605;20066;2;5;26
16614;20088;3;17;55
16623;20091;-1;66;72
16632;20092;8;86;96
16641;20101;6;78;15
16650;20123;0;65;54
16659;20137;2;5;26
16668;20141;5;31;25
16677;20144;7;42;76
16686;20146;1;71;52
16695;20147;3;17;55
16704;20155;4;59;25
16713;20191;-1;66;72
16722;20192;8;86;96
16731;20201;6;78;15
16740;20222;0;65;54
16749;20237;2;5;26
16758;20241;5;31;25
16767;20244;7;42;76
16776;20246;1;71;52
16785;20247;3;17;55
16794;20253;7;42;76
16803;20255;4;59;25
16812;20291;-1;66;72
16821;20292;8;86;96
16830;20301;6;78;15
16839;20322;0;65;54
16848;20337;2;5;26
16857;20341;5;31;25
16866;20346;1;71;52
16875;20347;3;17;55
16884;20353;7;42;76
16893;20355;4;59;25
16902;20391;-1;66;72
16911;20392;8;86;96
16920;20401;6;78;15
16929;20422;0;65;54
16938;20437;2;5;26
16947;20441;5;31;25
16956;20446;1;71;52
16965;20447;3;17;55
16974;20453;7;42;76
16983;20455;4;59;25
16992;20491;-1;66;72
17001;20492;8;86;96
17010;20501;6;78;15
17019;20522;0;65;54
17028;20537;2;5;26
17037;20541;5;31;25
17046;20546;1;71;52
17055;20547;3;17;55
17064;20553;7;42;76
17073;20555;4;59;25
17082;20591;-1;66;72
17091;20592;8;86;96
17100;20601;6;78;15
17109;20619;-1;66;72
17118;20622;0;65;54
17127;20637;2;5;26
17136;20641;5;31;25
17145;20646;1;71;52
17154;20647;3;17;55
17163;20653;7;42;76
17172;20655;4;59;25
17181;20692;8;86;96
17190;20701;6;78;15
17199;20719;-1;66;72
17208;20721;4;59;25
17217;20722;0;65;54
17226;20737;2;5;26
17235;20741;5;31;25
17244;20746;1;71;52
17253;20747;3;17;55
17262;20753;7;42;76
17271;20792;8;86;96
17280;20801;6;78;15
17289;20819;-1;66;72
17298;20821;4;59;25
17307;20822;0;65;54
17316;20837;2;5;26
17325;20841;5;31;25
17334;20846;1;71;52
17343;20847;3;17;55
17352;20853;7;42;76
17361;20892;8;86;96
17370;20901;6;78;15
17379;20919;-1;66;72
17388;20921;4;59;25
17397;20922;0;65;54
17406;20937;2;5;26
17415;20941;5;31;25
17424;20946;1;71;52
17433;20947;3;17;55
17442;20953;7;42;76
17451;20992;8;86;96
17460;21001;6;78;15
17469;21010;1;71;52
17478;21011;5;31;25
17487;21019;-1;66;72
17496;21021;4;59;25
17505;21022;0;65;54
17514;21037;2;5;26
17523;21047;3;17;55
17532;21053;7;42;76
17541;21092;8;86;96
17550;21101;6;78;15
17559;21110;1;71;52
17568;21111;5;31;25
17577;21119;-1;66;72
17586;21121;4;59;25
17595;21122;0;65;54
17604;21137;2;5;26
17613;21147;3;17;55
17622;21153;7;42;76
17631;21192;8;86;96
17640;21201;6;78;15
17649;21210;1;71;52
17658;21211;5;31;25
17667;21219;-1;66;72
17676;21221;4;59;25
17685;21222;0;65;54
17694;21223;8;86;96
17703;21237;2;5;26
17712;21247;3;17;55
17721;21253;7;42;76
17730;21301;6;78;15
17739;21310;1;71;52
17748;21311;5;31;25
17757;21319;-1;66;72
17766;21321;4;59;25
17775;21322;0;65;54
17784;21323;8;86;96
17793;21327;0;65;54
17802;21337;2;5;26
17811;21347;3;17;55
17820;21353;7;42;76
17829;21366;7;42;76
17838;21378;6;78;15
17847;21408;3;17;55
17856;21410;1;71;52
17865;21411;5;31;25
17874;21419;-1;66;72
17883;21421;4;59;25
17892;21423;8;86;96
17901;21427;0;65;54
17910;21437;2;5;26
17919;21466;7;42;76
17928;21478;6;78;15
17937;21508;3;17;55
17946;21510;1;71;52
17955;21511;5;31;25
17964;21519;-1;66;72
17973;21521;4;59;25
17982;21523;8;86;96
17991;21527;0;65;54
18000;21537;2;5;26
18009;21566;7;42;76
18018;21574;-1;66;72
18027;21578;6;78;15
18036;21603;2;5;26
18045;21608;3;17;55
18054;21610;1;71;52
18063;21611;5;31;25
18072;21621;4;59;25
18081;21623;8;86;96
18090;21627;0;65;54
18099;21630;8;86;96
18108;21666;7;42;76
18117;21674;-1;66;72
18126;21678;6;78;15
18135;21686;4;59;25
18144;21703;2;5;26
18153;21708;3;17;55
18162;21710;1;71;52
18171;21711;5;31;25
18180;21727;0;65;54
18189;21730;8;86;96
18198;21766;7;42;76
18207;21774;-1;66;72
18216;21778;6;78;15
18225;21786;4;59;25
18234;21803;2;5;26
18243;21808;3;17;55
18252;21810;1;71;52
18261;21811;5;31;25
18270;21827;0;65;54
18279;21830;8;86;96
18288;21866;7;42;76
18297;21874;-1;66;72
18306;21878;6;78;15
18315;21886;4;59;25
18324;21903;2;5;26
18333;21908;3;17;55
18342;21910;1;71;52
18351;21911;5;31;25
18360;21927;0;65;54
18369;21930;5;31;25
18378;21930;8;86;96
18387;21966;7;42;76
18396;21974;-1;66;72
18405;21978;6;78;15
18414;21986;4;59;25
18423;22003;2;5;26
18432;22008;3;17;55
18441;22010;1;71;52
18450;22027;0;65;54
18459;22030;5;31;25
18468;22030;8;86;96
18477;22066;7;42;76
18486;22074;-1;66;72
18495;22078;6;78;15
18504;22086;4;59;25
18513;22103;2;5;26
18522;22108;3;17;55
18531;22110;1;71;52
18540;22127;0;65;54
18549;22130;5;31;25
18558;22130;8;86;96
18567;22166;7;42;76
18576;22169;4;59;25
18585;22174;-1;66;72
18594;22178;6;78;15
18603;22203;2;5;26
18612;22208;3;17;55
18621;22210;1;71;52
18630;22227;0;65;54
18639;22230;5;31;25
18648;22230;8;86;96
18657;22248;2;5;26
18666;22266;7;42;76
18675;22269;4;59;25
18684;22274;-1;66;72
18693;22278;6;78;15
18702;22308;3;17;55
18711;22310;1;71;52
18720;22327;0;65;54
18729;22330;5;31;25
18738;22330;8;86;96
18747;22348;2;5;26
18756;22354;-1;66;72
18765;22366;7;42;76
18774;22369;4;59;25
18783;22378;6;78;15
18792;22408;3;17;55
18801;22410;1;71;52
18810;22422;5;31;25
18819;22427;0;65;54
18828;22430;8;86;96
18837;22448;2;5;26
18846;22454;-1;66;72
18855;22466;7;42;76
18864;22469;4;59;25
18873;22478;6;78;15
18882;22494;1;71;52
18891;22508;3;17;55
18900;22522;5;31;25
18909;22527;0;65;54
18918;22530;8;86;96
18927;22548;2;5;26
18936;22554;-1;66;72
18945;22566;7;42;76
18954;22569;4;59;25
18963;22578;6;78;15
18972;22594;1;71;52
18981;22608;3;17;55
18990;22622;5;31;25
18999;22627;0;65;54
19008;22630;8;86;96
19017;22648;2;5;26
19026;22654;-1;66;72
19035;22666;7;42;76
19044;22669;4;59;25
19053;22678;6;78;15
19062;22694;1;71;52
19071;22706;3;17;55
19080;22722;5;31;25
19089;22727;0;65;54
19098;22730;8;86;96
19107;22748;2;5;26
19116;22754;-1;66;72
19125;22766;7;42;76
19134;22769;4;59;25
19143;22778;6;78;15
19152;22794;1;71;52
19161;22806;3;17;55
19170;22813;0;65;54
19179;22822;5;31;25
19188;22830;8;86;96
19197;22842;7;42;76
19206;22848;2;5;26
19215;22852;8;86;96
19224;22854;-1;66;72
19233;22862;6;78;15
19242;22869;4;59;25
19251;22894;1;71;52
19260;22906;3;17;55
19269;22913;0;65;54
19278;22922;5;31;25
19287;22942;7;42;76
19296;22948;2;5;26
19305;22952;8;86;96
19314;22954;-1;66;72
19323;22962;6;78;15
19332;22969;4;59;25
19341;22994;1;71;52
19350;23006;3;17;55
19359;23013;0;65;54
19368;23014;1;71;52
19377;23022;5;31;25
19386;23042;7;42;76
19395;23048;2;5;26
19404;23052;8;86;96
19413;23054;-1;66;72
19422;23059;4;59;25
19431;23062;6;78;15
19440;23106;3;17;55
19449;23113;0;65;54
19458;23114;1;71;52
19467;23122;5;31;25
19476;23142;7;42;76
19485;23148;2;5;26
19494;23152;8;86;96
19503;23154;-1;66;72
19512;23159;4;59;25
19521;23162;6;78;15
19530;23206;3;17;55
19539;23213;0;65;54
19548;23214;1;71;52
19557;23220;0;65;54
19566;23222;5;31;25
19575;23242;7;42;76
19584;23248;2;5;26
19593;23252;8;86;96
19602;23254;-1;66;72
19611;23259;4;59;25
19620;23262;6;78;15
19629;23306;3;17;55
19638;23314;1;71;52
19647;23320;0;65;54
19656;23322;5;31;25
19665;23342;7;42;76
19674;23348;2;5;26
19683;23352;8;86;96
19692;23354;-1;66;72
19701;23359;4;59;25
19710;23362;6;78;15
19719;23402;5;31;25
19728;23406;3;17;55
19737;23414;1;71;52
19746;23420;0;65;54
19755;23442;7;42;76
19764;23448;2;5;26
19773;23452;8;86;96
19782;23454;-1;66;72
19791;23459;4;59;25
19800;23462;6;78;15
19809;23502;5;31;25
19818;23506;3;17;55
19827;23514;1;71;52
19836;23520;0;65;54
19845;23542;7;42;76
19854;23548;2;5;26
19863;23552;8;86;96
19872;23554;-1;66;72
19881;23559;4;59;25
19890;23562;6;78;15
19899;23602;5;31;25
19908;23606;3;17;55
19917;23614;1;71;52
19926;23620;0;65;54
19935;23639;-1;66;72
19944;23642;7;42;76
19953;23648;2;5;26
19962;23652;8;86;96
19971;23656;2;5;26
19980;23659;4;59;25
19989;23662;6;78;15
19998;23700;1;71;52
20007;23702;5;31;25
20016;23706;3;17;55
20025;23720;0;65;54
20034;23739;-1;66;72
20043;23742;7;42;76
20052;23752;8;86;96
20061;23756;2;5;26
20070;23759;4;59;25
20079;23762;6;78;15
20088;23799;4;59;25
20097;23800;1;71;52
20106;23802;5;31;25
20115;23806;3;17;55
20124;23820;0;65;54
20133;23839;-1;66;72
20142;23842;7;42;76
20151;23852;8;86;96
20160;23856;2;5;26
20169;23862;6;78;15
20178;23899;4;59;25
20187;23900;1;71;52
20196;23902;5;31;25
20205;23906;3;17;55
20214;23912;3;17;55
20223;23920;0;65;54
20232;23939;-1;66;72
20241;23942;7;42;76
20250;23952;8;86;96
20259;23956;2;5;26
20268;23962;6;78;15
20277;23996;0;65;54
20286;23999;4;59;25
20295;24000;1;71;52
20304;24002;5;31;25
20313;24012;3;17;55
20322;24015;7;42;76
20331;24039;-1;66;72
20340;24052;8;86;96
20349;24056;2;5;26
20358;24062;6;78;15
20367;24083;8;86;96
20376;24087;2;5;26
20385;24096;0;65;54
20394;24099;4;59;25
20403;24100;1;71;52
20412;24102;5;31;25
20421;24112;3;17;55
20430;24115;7;42;76
20439;24139;-1;66;72
20448;24162;6;78;15
20457;24183;8;86;96
20466;24187;2;5;26
20475;24196;0;65;54
20484;24199;4;59;25
20493;24200;1;71;52
20502;24202;5;31;25
20511;24212;3;17;55
20520;24215;7;42;76
20529;24239;-1;66;72
20538;24262;6;78;15
20547;24280;1;71;52
20556;24283;8;86;96
20565;24287;2;5;26
20574;24296;0;65;54
20583;24299;4;59;25
20592;24302;5;31;25
20601;24307;6;78;15
20610;24312;3;17;55
20619;24315;7;42;76
20628;24339;-1;66;72
20637;24380;1;71;52
20646;24383;8;86;96
20655;24387;2;5;26
20664;24396;0;65;54
20673;24399;4;59;25
20682;24402;5;31;25
20691;24407;6;78;15
20700;24412;3;17;55
20709;24415;7;42;76
20718;24439;-1;66;72
20727;24480;1;71;52
20736;24483;8;86;96
20745;24487;2;5;26
20754;24496;0;65;54
20763;24499;4;59;25
20772;24502;5;31;25
20781;24507;6;78;15
20790;24512;3;17;55
20799;24515;7;42;76
20808;24539;-1;66;72
20817;24580;1;71;52
20826;24583;8;86;96
20835;24587;2;5;26
20844;24595;5;31;25
20853;24596;0;65;54
20862;24599;4;59;25
20871;24607;6;78;15
20880;24612;3;17;55
20889;24615;7;42;76
20898;24619;2;5;26
20907;24639;-1;66;72
20916;24641;3;17;55
20925;24680;1;71;52
20934;24683;8;86;96
20943;24695;5;31;25
20952;24696;0;65;54
20961;24699;4;59;25
20970;24707;6;78;15
20979;24715;7;42;76
20988;24719;2;5;26
20997;24730;-1;66;72
21006;24735;7;42;76
21015;24741;3;17;55
21024;24752;6;78;15
21033;24770;8;86;96
21042;24780;1;71;52
21051;24795;5;31;25
21060;24796;0;65;54
21069;24799;4;59;25
21078;24819;2;5;26
21087;24830;-1;66;72
21096;24835;7;42;76
21105;24841;1;71;52
21114;24841;3;17;55
21123;24852;6;78;15
21132;24870;8;86;96
21141;24892;4;59;25
21150;24895;5;31;25
21159;24896;0;65;54
21168;24919;2;5;26
21177;24930;-1;66;72
21186;24935;7;42;76
21195;24941;1;71;52
21204;24941;3;17;55
21213;24952;6;78;15
21222;24970;8;86;96
21231;24992;4;59;25
21240;24995;5;31;25
21249;24996;0;65;54
21258;25019;2;5;26
21267;25030;-1;66;72
21276;25035;7;42;76
21285;25041;1;71;52
21294;25041;3;17;55
21303;25052;6;78;15
21312;25070;8;86;96
21321;25092;4;59;25
21330;25095;5;31;25
21339;25096;0;65;54
21348;25119;2;5;26
21357;25130;-1;66;72
21366;25135;7;42;76
21375;25141;1;71;52
21384;25141;3;17;55
21393;25152;6;78;15
21402;25170;8;86;96
21411;25192;4;59;25
21420;25195;5;31;25
21429;25196;0;65;54
21438;25219;2;5;26
21447;25230;-1;66;72
21456;25235;7;42;76
21465;25241;1;71;52
21474;25241;3;17;55
21483;25252;6;78;15
21492;25270;8;86;96
21501;25292;4;59;25
21510;25295;5;31;25
21519;25296;0;65;54
21528;25319;2;5;26
21537;25330;-1;66;72
21546;25335;7;42;76
21555;25341;1;71;52
21564;25341;3;17;55
21573;25352;6;78;15
21582;25370;8;86;96
21591;25392;4;59;25
21600;25395;5;31;25
21609;25396;0;65;54
21618;25419;2;5;26
21627;25430;-1;66;72
21636;25435;7;42;76
21645;25441;1;71;52
21654;25441;3;17;55
21663;25452;6;78;15
21672;25470;8;86;96
21681;25478;0;65;54
21690;25492;4;59;25
21699;25495;5;31;25
21708;25519;2;5;26
21717;25530;-1;66;72
21726;25535;7;42;76
21735;25541;1;71;52
21744;25541;3;17;55
21753;25552;6;78;15
21762;25570;8;86;96
21771;25578;0;65;54
21780;25592;4;59;25
21789;25595;5;31;25
21798;25619;2;5;26
21807;25630;-1;66;72
21816;25635;7;42;76
21825;25641;1;71;52
21834;25641;3;17;55
21843;25652;6;78;15
21852;25670;5;31;25
21861;25670;8;86;96
21870;25678;0;65;54
21879;25688;4;59;25
21888;25701;3;17;55
21897;25719;2;5;26
21906;25730;-1;66;72
21915;25735;7;42;76
21924;25741;1;71;52
21933;25752;6;78;15
21942;25759;2;5;26
21951;25770;5;31;25
21960;25770;8;86;96
21969;25778;0;65;54
21978;25788;4;59;25
21987;25801;3;17;55
21996;25805;-1;66;72
22005;25835;7;42;76
22014;25841;1;71;52
22023;25852;6;78;15
22032;25859;2;5;26
22041;25870;5;31;25
22050;25870;8;86;96
22059;25878;0;65;54
22068;25888;4;59;25
22077;25901;3;17;55
22086;25905;-1;66;72
22095;25935;7;42;76
22104;25941;1;71;52
22113;25950;6;78;15
22122;25959;2;5;26
22131;25970;5;31;25
22140;25970;8;86;96
22149;25978;0;65;54
22158;25988;4;59;25
22167;26001;3;17;55
22176;26005;-1;66;72
22185;26035;7;42;76
22194;26041;1;71;52
22203;26050;6;78;15
22212;26059;2;5;26
22221;26070;5;31;25
22230;26070;8;86;96
22239;26078;0;65;54
22248;26088;4;59;25
22257;26101;3;17;55
22266;26105;-1;66;72
22275;26135;7;42;76
22284;26141;1;71;52
22293;26147;8;86;96
22302;26150;6;78;15
22311;26159;2;5;26
22320;26170;5;31;25
22329;26178;0;65;54
22338;26188;4;59;25
22347;26193;7;42;76
22356;26201;3;17;55
22365;26205;-1;66;72
22374;26237;1;71;52
22383;26247;8;86;96
22392;26249;4;59;25
22401;26250;6;78;15
22410;26259;2;5;26
22419;26270;5;31;25
22428;26278;0;65;54
22437;26293;7;42;76
22446;26301;3;17;55
22455;26305;-1;66;72
22464;26337;1;71;52
22473;26347;8;86;96
22482;26349;4;59;25
22491;26350;6;78;15
22500;26353;0;65;54
22509;26359;2;5;26
22518;26370;5;31;25
22527;26393;7;42;76
22536;26401;3;17;55
22545;26405;-1;66;72
22554;26437;1;71;52
22563;26447;8;86;96
22572;26449;4;59;25
22581;26450;6;78;15
22590;26453;0;65;54
22599;26459;2;5;26
22608;26470;5;31;25
22617;26493;7;42;76
22626;26501;3;17;55
22635;26505;-1;66;72
22644;26537;1;71;52
22653;26547;8;86;96
22662;26549;4;59;25
22671;26550;6;78;15
22680;26553;0;65;54
22689;26555;8;86;96
22698;26559;2;5;26
22707;26570;5;31;25
22716;26593;7;42;76
22725;26601;3;17;55
22734;26605;-1;66;72
22743;26637;1;71;52
22752;26649;4;59;25
22761;26650;6;78;15
22770;26653;0;65;54
22779;26655;8;86;96
22788;26659;2;5;26
22797;26670;5;31;25
22806;26693;7;42;76
22815;26701;3;17;55
22824;26705;-1;66;72
22833;26716;3;17;55
22842;26737;1;71;52
22851;26749;4;59;25
22860;26750;6;78;15
22869;26753;0;65;54
22878;26755;8;86;96
22887;26759;2;5;26
22896;26770;5;31;25
22905;26777;-1;66;72
22914;26783;5;31;25
22923;26790;6;78;15
22932;26793;7;42;76
22941;26816;3;17;55
22950;26837;1;71;52
22959;26849;4;59;25
22968;26853;0;65;54
22977;26855;8;86;96
22986;26859;2;5;26
22995;26877;-1;66;72
23004;26883;5;31;25
23013;26890;6;78;15
23022;26893;7;42;76
23031;26916;3;17;55
23040;26937;1;71;52
23049;26949;4;59;25
23058;26953;0;65;54
23067;26955;8;86;96
23076;26959;2;5;26
23085;26977;-1;66;72
23094;26983;5;31;25
23103;26990;6;78;15
23112;26993;7;42;76
23121;27016;3;17;55
23130;27037;1;71;52
23139;27049;4;59;25
23148;27053;0;65;54
23157;27055;8;86;96
23166;27059;2;5;26
23175;27077;-1;66;72
23184;27079;7;42;76
23193;27083;5;31;25
23202;27090;6;78;15
23211;27116;3;17;55
23220;27137;1;71;52
23229;27149;4;59;25
23238;27153;0;65;54
23247;27153;3;17;55
23256;27155;8;86;96
23265;27159;2;5;26
23274;27177;-1;66;72
23283;27179;7;42;76
23292;27183;5;31;25
23301;27190;6;78;15
23310;27206;2;5;26
23319;27218;6;78;15
23328;27237;1;71;52
23337;27249;4;59;25
23346;27253;0;65;54
23355;27253;3;17;55
23364;27255;8;86;96
23373;27277;-1;66;72
23382;27279;7;42;76
23391;27283;5;31;25
23400;27295;-1;66;72
23409;27306;2;5;26
23418;27318;6;78;15
23427;27337;1;71;52
23436;27349;4;59;25
23445;27353;0;65;54
23454;27353;3;17;55
23463;27355;8;86;96
23472;27379;7;42;76
23481;27383;5;31;25
23490;27395;-1;66;72
23499;27406;2;5;26
23508;27418;6;78;15
23517;27437;1;71;52
23526;27449;4;59;25
23535;27453;0;65;54
23544;27453;3;17;55
23553;27455;8;86;96
23562;27479;7;42;76
23571;27483;5;31;25
23580;27495;-1;66;72
23589;27506;2;5;26
23598;27518;6;78;15
23607;27532;4;59;25
23616;27537;1;71;52
23625;27553;0;65;54
23634;27553;3;17;55
23643;27555;8;86;96
23652;27557;1;71;52
23661;27579;7;42;76
23670;27583;5;31;25
23679;27595;-1;66;72
23688;27603;5;31;25
23697;27606;2;5;26
23706;27618;6;78;15
23715;27632;4;59;25
23724;27653;0;65;54
23733;27653;3;17;55
23742;27655;8;86;96
23751;27657;1;71;52
23760;27662;3;17;55
23769;27679;7;42;76
23778;27695;-1;66;72
23787;27703;5;31;25
23796;27706;2;5;26
23805;27718;6;78;15
23814;27732;4;59;25
23823;27739;0;65;54
23832;27755;8;86;96
23841;27757;1;71;52
23850;27762;3;17;55
23859;27779;7;42;76
23868;27795;-1;66;72
23877;27803;5;31;25
23886;27806;2;5;26
23895;27818;6;78;15
23904;27832;4;59;25
23913;27839;0;65;54
23922;27855;8;86;96
23931;27857;1;71;52
23940;27862;3;17;55
23949;27879;7;42;76
23958;27895;-1;66;72
23967;27903;5;31;25
23976;27906;2;5;26
23985;27918;6;78;15
23994;27932;4;59;25
24003;27939;0;65;54
24012;27955;8;86;96
24021;27957;1;71;52
24030;27962;3;17;55
24039;27979;7;42;76
24048;27995;-1;66;72
24057;28003;5;31;25
24066;28004;2;5;26
24075;28018;6;78;15
24084;28032;4;59;25
24093;28039;0;65;54
24102;28055;8;86;96
24111;28057;1;71;52
24120;28062;3;17;55
24129;28079;7;42;76
24138;28095;-1;66;72
24147;28103;5;31;25
24156;28104;2;5;26
24165;28118;6;78;15
24174;28132;4;59;25
24183;28139;0;65;54
24192;28155;8;86;96
24201;28157;1;71;52
24210;28162;3;17;55
24219;28179;7;42;76
24228;28195;-1;66;72
24237;28203;5;31;25
24246;28204;2;5;26
24255;28207;8;86;96
24264;28218;6;78;15
24273;28232;4;59;25
24282;28239;0;65;54
24291;28257;1;71;52
24300;28262;3;17;55
24309;28279;7;42;76
24318;28295;-1;66;72
24327;28303;5;31;25
24336;28304;2;5;26
24345;28307;8;86;96
24354;28318;6;78;15
24363;28319;7;42;76
24372;28332;4;59;25
24381;28339;0;65;54
24390;28341;5;31;25
24399;28357;1;71;52
24408;28362;3;17;55
24417;28390;4;59;25
24426;28395;-1;66;72
24435;28404;2;5;26
24444;28407;8;86;96
24453;28418;6;78;15
24462;28419;7;42;76
24471;28439;0;65;54
24480;28441;-1;66;72
24489;28441;5;31;25
24498;28457;1;71;52
24507;28462;3;17;55
24516;28490;4;59;25
24525;28504;2;5;26
24534;28507;8;86;96
24543;28518;6;78;15
24552;28519;7;42;76
24561;28532;6;78;15
24570;28539;0;65;54
24579;28541;-1;66;72
24588;28541;5;31;25
24597;28557;1;71;52
24606;28562;3;17;55
24615;28590;4;59;25
24624;28604;2;5;26
24633;28607;8;86;96
24642;28619;7;42;76
24651;28632;6;78;15
24660;28639;0;65;54
24669;28641;-1;66;72
24678;28641;5;31;25
24687;28657;1;71;52
24696;28662;3;17;55
24705;28690;4;59;25
24714;28704;2;5;26
24723;28707;8;86;96
24732;28719;7;42;76
24741;28732;6;78;15
24750;28739;0;65;54
24759;28741;-1;66;72
24768;28741;5;31;25
24777;28757;1;71;52
24786;28762;3;17;55
24795;28785;0;65;54
24804;28790;4;59;25
24813;28804;2;5;26
24822;28807;8;86;96
24831;28819;7;42;76
24840;28832;6;78;15
24849;28841;-1;66;72
24858;28841;5;31;25
24867;28857;1;71;52
24876;28862;3;17;55
24885;28885;0;65;54
24894;28890;4;59;25
24903;28904;2;5;26
24912;28907;8;86;96
24921;28919;7;42;76
24930;28932;6;78;15
24939;28941;-1;66;72
24948;28941;5;31;25
24957;28957;1;71;52
24966;28962;3;17;55
24975;28974;1;71;52
24984;28985;0;65;54
24993;28990;4;59;25
25002;28993;3;17;55
25011;29004;2;5;26
25020;29007;8;86;96
25029;29019;7;42;76
25038;29032;6;78;15
25047;29041;-1;66;72
25056;29041;5;31;25
25065;29074;1;71;52
25074;29085;0;65;54
25083;29090;4;59;25
25092;29093;3;17;55
25101;29104;2;5;26
25110;29107;8;86;96
25119;29119;7;42;76
25128;29132;6;78;15
25137;29141;-1;66;72
25146;29141;5;31;25
25155;29174;1;71;52
25164;29185;0;65;54
25173;29190;4;59;25
25182;29193;3;17;55
25191;29204;2;5;26
25200;29207;8;86;96
25209;29219;7;42;76
25218;29232;6;78;15
25227;29241;-1;66;72
25236;29241;5;31;25
25245;29270;2;5;26
25254;29274;1;71;52
25263;29285;0;65;54
25272;29290;4;59;25
25281;29293;3;17;55
25290;29307;8;86;96
25299;29318;0;65;54
25308;29319;7;42;76
25317;29332;6;78;15
25326;29341;-1;66;72
25335;29341;5;31;25
25344;29356;4;59;25
25353;29370;2;5;26
25362;29374;1;71;52
25371;29393;3;17;55
25380;29407;8;86;96
25389;29418;0;65;54
25398;29419;7;42;76
25407;29432;6;78;15
25416;29441;-1;66;72
25425;29441;5;31;25
25434;29443;8;86;96
25443;29456;4;59;25
25452;29470;2;5;26
25461;29474;1;71;52
25470;29493;3;17;55
25479;29518;0;65;54
25488;29519;7;42;76
25497;29532;6;78;15
25506;29541;-1;66;72
25515;29541;5;31;25
25524;29543;8;86;96
25533;29556;4;59;25
25542;29570;2;5;26
25551;29574;1;71;52
25560;29593;3;17;55
25569;29618;0;65;54
25578;29619;7;42;76
25587;29632;6;78;15
25596;29641;-1;66;72
25605;29641;5;31;25
25614;29643;8;86;96
25623;29652;6;78;15
25632;29656;4;59;25
25641;29670;2;5;26
25650;29674;1;71;52
25659;29693;3;17;55
25668;29718;0;65;54
25677;29719;7;42;76
25686;29730;2;5;26
25695;29741;-1;66;72
25704;29741;5;31;25
25713;29743;8;86;96
25722;29752;6;78;15
25731;29756;4;59;25
25740;29760;-1;66;72
25749;29774;1;71;52
25758;29784;7;42;76
25767;29793;3;17;55
25776;29818;0;65;54
25785;29827;5;31;25
25794;29830;2;5;26
25803;29843;8;86;96
25812;29852;6;78;15
25821;29856;4;59;25
25830;29860;-1;66;72
25839;29874;1;71;52
25848;29884;7;42;76
25857;29893;3;17;55
25866;29918;0;65;54
25875;29927;5;31;25
25884;29930;2;5;26
25893;29943;8;86;96
25902;29952;6;78;15
25911;29956;4;59;25
25920;29960;-1;66;72
25929;29974;1;71;52
25938;29984;7;42;76
25947;29993;3;17;55
25956;30000;3;17;55
25965;30018;0;65;54
25974;30027;5;31;25
25983;30030;2;5;26
25992;30043;8;86;96
26001;30052;6;78;15
26010;30056;4;59;25
26019;30060;-1;66;72
26028;30074;1;71;52
26037;30084;7;42;76
26046;30100;3;17;55
26055;30118;0;65;54
26064;30127;5;31;25
26073;30130;2;5;26
26082;30143;8;86;96
26091;30149;8;86;96
26100;30152;6;78;15
26109;30156;4;59;25
26118;30160;-1;66;72
26127;30174;1;71;52
26136;30184;7;42;76
26145;30187;0;65;54
26154;30200;3;17;55
26163;30227;5;31;25
26172;30230;2;5;26
26181;30241;-1;66;72
26190;30242;1;71;52
26199;30249;8;86;96
26208;30252;6;78;15
26217;30256;4;59;25
26226;30284;7;42;76
26235;30287;0;65;54
26244;30300;3;17;55
26253;30327;5;31;25
26262;30330;2;5;26
26271;30341;-1;66;72
26280;30342;1;71;52
26289;30349;8;86;96
26298;30352;6;78;15
26307;30356;4;59;25
26316;30384;7;42;76
26325;30387;0;65;54
26334;30400;3;17;55
26343;30405;5;31;25
26352;30430;2;5;26
26361;30441;-1;66;72
26370;30442;1;71;52
26379;30449;8;86;96
26388;30452;6;78;15
26397;30456;4;59;25
26406;30484;7;42;76
26415;30487;0;65;54
26424;30500;3;17;55
26433;30505;5;31;25
26442;30511;4;59;25
26451;30530;2;5;26
26460;30541;-1;66;72
26469;30542;1;71;52
26478;30549;8;86;96
26487;30552;6;78;15
26496;30584;7;42;76
26505;30587;0;65;54
26514;30600;3;17;55
26523;30605;5;31;25
26532;30611;4;59;25
26541;30630;2;5;26
26550;30641;-1;66;72
26559;30642;1;71;52
26568;30649;8;86;96
26577;30652;6;78;15
26586;30684;7;42;76
26595;30687;0;65;54
26604;30693;1;71;52
26613;30697;0;65;54
26622;30700;3;17;55
26631;30705;5;31;25
26640;30711;4;59;25
26649;30730;2;5;26
26658;30741;-1;66;72
26667;30749;8;86;96
26676;30752;6;78;15
26685;30784;7;42;76
26694;30793;1;71;52
26703;30797;0;65;54
26712;30800;3;17;55
26721;30805;5;31;25
26730;30811;4;59;25
26739;30830;2;5;26
26748;30841;-1;66;72
26757;30849;8;86;96
26766;30852;6;78;15
26775;30868;6;78;15
26784;30884;7;42;76
26793;30893;1;71;52
26802;30897;0;65;54
26811;30900;3;17;55
26820;30905;5;31;25
26829;30911;4;59;25
26838;30930;2;5;26
26847;30941;-1;66;72
26856;30949;8;86;96
26865;30968;6;78;15
26874;30984;7;42;76
26883;30993;1;71;52
26892;30997;0;65;54
26901;31000;3;17;55
26910;31004;7;42;76
26919;31005;5;31;25
26928;31011;4;59;25
26937;31030;2;5;26
26946;31041;-1;66;72
26955;31049;8;86;96
26964;31068;6;78;15
26973;31072;3;17;55
26982;31082;2;5;26
26991;31093;1;71;52
27000;31097;0;65;54
27009;31104;7;42;76
27018;31105;5;31;25
27027;31111;4;59;25
27036;31141;-1;66;72
27045;31149;8;86;96
27054;31158;4;59;25
27063;31168;6;78;15
27072;31172;3;17;55
27081;31182;2;5;26
27090;31193;1;71;52
27099;31197;0;65;54
27108;31204;7;42;76
27117;31205;5;31;25
27126;31226;0;65;54
27135;31241;-1;66;72
27144;31249;8;86;96
27153;31258;4;59;25
27162;31268;6;78;15
27171;31272;3;17;55
27180;31282;2;5;26
27189;31293;1;71;52
27198;31304;7;42;76
27207;31305;5;31;25
27216;31326;0;65;54
27225;31341;-1;66;72
27234;31349;8;86;96
27243;31351;1;71;52
27252;31358;4;59;25
27261;31361;5;31;25
27270;31368;6;78;15
27279;31372;3;17;55
27288;31373;-1;66;72
27297;31382;2;5;26
27306;31404;7;42;76
27315;31426;0;65;54
27324;31449;8;86;96
27333;31451;1;71;52
27342;31458;4;59;25
27351;31461;5;31;25
27360;31468;6;78;15
27369;31472;3;17;55
27378;31473;-1;66;72
27387;31474;8;86;96
27396;31482;2;5;26
27405;31504;7;42;76
27414;31507;6;78;15
27423;31519;2;5;26
27432;31526;0;65;54
27441;31551;1;71;52
27450;31558;4;59;25
27459;31561;5;31;25
27468;31572;3;17;55
27477;31573;-1;66;72
27486;31574;8;86;96
27495;31604;7;42;76
27504;31607;6;78;15
27513;31619;2;5;26
27522;31626;0;65;54
27531;31651;1;71;52
27540;31658;4;59;25
27549;31661;5;31;25
27558;31672;3;17;55
27567;31673;-1;66;72
27576;31674;8;86;96
27585;31704;7;42;76
27594;31707;6;78;15
27603;31719;2;5;26
27612;31726;0;65;54
27621;31751;1;71;52
27630;31758;4;59;25
27639;31761;5;31;25
27648;31772;3;17;55
27657;31773;-1;66;72
27666;31774;8;86;96
27675;31804;7;42;76
27684;31807;6;78;15
27693;31819;2;5;26
27702;31826;0;65;54
27711;31851;1;71;52
27720;31858;4;59;25
27729;31859;5;31;25
27738;31872;3;17;55
27747;31873;-1;66;72
27756;31874;8;86;96
27765;31904;7;42;76
27774;31907;6;78;15
27783;31919;2;5;26
27792;31926;0;65;54
27801;31951;1;71;52
27810;31958;4;59;25
27819;31959;5;31;25
27828;31972;3;17;55
27837;31973;-1;66;72
27846;31974;8;86;96
27855;31987;2;5;26
27864;32004;7;42;76
27873;32007;6;78;15
27882;32026;0;65;54
27891;32051;1;71;52
27900;32051;3;17;55
27909;32058;4;59;25
27918;32059;5;31;25
27927;32062;8;86;96
27936;32073;-1;66;72
27945;32087;2;5;26
27954;32104;7;42;76
27963;32107;6;78;15
27972;32126;0;65;54
27981;32151;1;71;52
27990;32151;3;17;55
27999;32153;7;42;76
28008;32158;4;59;25
28017;32159;5;31;25
28026;32162;8;86;96
28035;32173;-1;66;72
28044;32187;2;5;26
28053;32207;6;78;15
28062;32226;0;65;54
28071;32251;1;71;52
28080;32251;3;17;55
28089;32253;7;42;76
28098;32258;4;59;25
28107;32259;5;31;25
28116;32262;8;86;96
28125;32273;-1;66;72
28134;32287;2;5;26
28143;32307;4;59;25
28152;32307;6;78;15
28161;32312;-1;66;72
28170;32312;1;71;52
28179;32326;0;65;54
28188;32335;0;65;54
28197;32351;3;17;55
28206;32353;7;42;76
28215;32359;5;31;25
28224;32362;8;86;96
28233;32387;2;5;26
28242;32400;6;78;15
28251;32407;4;59;25
28260;32412;-1;66;72
28269;32412;1;71;52
28278;32435;0;65;54
28287;32451;3;17;55
28296;32453;7;42;76
28305;32459;5;31;25
28314;32462;8;86;96
28323;32487;2;5;26
28332;32500;6;78;15
28341;32507;4;59;25
28350;32512;-1;66;72
28359;32512;1;71;52
28368;32535;0;65;54
28377;32551;3;17;55
28386;32553;7;42;76
28395;32559;5;31;25
28404;32562;8;86;96
28413;32587;2;5;26
28422;32600;6;78;15
28431;32607;4;59;25
28440;32612;-1;66;72
28449;32612;1;71;52
28458;32635;0;65;54
28467;32651;3;17;55
28476;32653;7;42;76
28485;32659;5;31;25
28494;32662;8;86;96
28503;32687;2;5;26
28512;32700;6;78;15
28521;32707;4;59;25
28530;32712;-1;66;72
28539;32712;1;71;52
28548;32735;0;65;54
28557;32751;3;17;55
28566;32753;7;42;76
28575;32759;5;31;25
28584;32762;8;86;96
28593;32787;2;5;26
28602;32800;6;78;15
28611;32807;4;59;25
28620;32812;-1;66;72
28629;32812;1;71;52
28638;32827;8;86;96
28647;32835;0;65;54
28656;32851;3;17;55
28665;32853;7;42;76
28674;32859;5;31;25
28683;32873;4;59;25
28692;32887;2;5;26
28701;32900;6;78;15
28710;32912;-1;66;72
28719;32912;1;71;52
28728;32923;6;78;15
28737;32927;8;86;96
28746;32935;0;65;54
28755;32951;3;17;55
28764;32953;5;31;25
28773;32953;7;42;76
28782;32973;4;59;25
28791;32987;2;5;26
28800;33012;-1;66;72
28809;33012;1;71;52
28818;33023;6;78;15
28827;33027;8;86;96
28836;33035;0;65;54
28845;33050;7;42;76
28854;33051;3;17;55
28863;33053;5;31;25
28872;33073;4;59;25
28881;33087;2;5;26
28890;33112;-1;66;72
28899;33112;1;71;52
28908;33123;6;78;15
28917;33127;1;71;52
28926;33127;8;86;96
28935;33135;0;65;54
28944;33150;7;42;76
28953;33151;3;17;55
28962;33153;5;31;25
28971;33173;4;59;25
28980;33184;3;17;55
28989;33187;2;5;26
28998;33210;0;65;54
29007;33212;-1;66;72
29016;33223;6;78;15
29025;33227;1;71;52
29034;33227;8;86;96
29043;33250;7;42;76
29052;33253;5;31;25
29061;33273;4;59;25
29070;33284;3;17;55
29079;33287;2;5;26
29088;33310;0;65;54
29097;33312;-1;66;72
29106;33323;6;78;15
29115;33327;1;71;52
29124;33327;8;86;96
29133;33350;7;42;76
29142;33353;5;31;25
29151;33373;4;59;25
29160;33384;3;17;55
29169;33387;2;5;26
29178;33410;0;65;54
29187;33412;-1;66;72
29196;33423;6;78;15
29205;33427;1;71;52
29214;33427;8;86;96
29223;33450;7;42;76
29232;33453;5;31;25
29241;33467;2;5;26
29250;33473;4;59;25
29259;33484;3;17;55
29268;33510;0;65;54
29277;33512;-1;66;72
29286;33518;7;42;76
29295;33523;6;78;15
29304;33527;1;71;52
29313;33527;8;86;96
29322;33553;5;31;25
29331;33567;2;5;26
29340;33573;4;59;25
29349;33584;3;17;55
29358;33590;8;86;96
29367;33610;0;65;54
29376;33612;-1;66;72
29385;33618;7;42;76
29394;33623;6;78;15
29403;33627;1;71;52
29412;33644;-1;66;72
29421;33653;5;31;25
29430;33667;2;5;26
29439;33673;4;59;25
29448;33684;3;17;55
29457;33690;8;86;96
29466;33710;0;65;54
29475;33718;7;42;76
29484;33723;6;78;15
29493;33727;1;71;52
29502;33744;-1;66;72
29511;33744;6;78;15
29520;33753;5;31;25
29529;33767;2;5;26
29538;33773;4;59;25
29547;33784;3;17;55
29556;33790;8;86;96
29565;33810;0;65;54
29574;33818;7;42;76
29583;33827;1;71;52
29592;33844;-1;66;72
29601;33844;6;78;15
29610;33853;5;31;25
29619;33867;2;5;26
29628;33873;4;59;25
29637;33884;3;17;55
29646;33890;8;86;96
29655;33910;0;65;54
29664;33918;7;42;76
29673;33927;1;71;52
29682;33944;-1;66;72
29691;33944;6;78;15
29700;33953;5;31;25
29709;33967;2;5;26
29718;33973;4;59;25
29727;33984;3;17;55
29736;33990;8;86;96
29745;34010;0;65;54
29754;34018;7;42;76
29763;34027;1;71;52
29772;34044;-1;66;72
29781;34044;6;78;15
29790;34053;5;31;25
29799;34058;3;17;55
29808;34067;2;5;26
29817;34073;4;59;25
29826;34090;8;86;96
29835;34110;0;65;54
29844;34118;7;42;76
29853;34127;1;71;52
29862;34144;-1;66;72
29871;34144;6;78;15
29880;34153;5;31;25
29889;34158;3;17;55
29898;34167;2;5;26
29907;34173;4;59;25
29916;34190;8;86;96
29925;34208;0;65;54
29934;34218;7;42;76
29943;34227;1;71;52
29952;34244;-1;66;72
29961;34244;6;78;15
29970;34253;5;31;25
29979;34258;3;17;55
29988;34267;2;5;26
29997;34273;4;59;25
30006;34290;8;86;96
30015;34308;0;65;54
30024;34309;1;71;52
30033;34318;7;42;76
30042;34331;6;78;15
30051;34340;5;31;25
30060;34344;-1;66;72
30069;34347;2;5;26
30078;34350;4;59;25
30087;34358;3;17;55
30096;34390;8;86;96
30105;34408;0;65;54
30114;34409;1;71;52
30123;34418;7;42;76
30132;34431;6;78;15
30141;34440;5;31;25
30150;34444;-1;66;72
30159;34447;2;5;26
30168;34450;-1;66;72
30177;34450;4;59;25
30186;34458;3;17;55
30195;34490;8;86;96
30204;34508;0;65;54
30213;34509;1;71;52
30222;34518;7;42;76
30231;34531;6;78;15
30240;34540;5;31;25
30249;34547;2;5;26
30258;34550;-1;66;72
30267;34550;4;59;25
30276;34558;3;17;55
30285;34590;8;86;96
30294;34608;0;65;54
30303;34609;1;71;52
30312;34618;7;42;76
30321;34631;6;78;15
30330;34640;5;31;25
30339;34647;2;5;26
30348;34650;-1;66;72
30357;34650;4;59;25
30366;34651;8;86;96
30375;34658;3;17;55
30384;34682;7;42;76
30393;34708;0;65;54
30402;34709;1;71;52
30411;34731;6;78;15
30420;34740;5;31;25
30429;34747;2;5;26
30438;34750;-1;66;72
30447;34750;4;59;25
30456;34751;8;86;96
30465;34758;3;17;55
30474;34774;0;65;54
30483;34775;3;17;55
30492;34782;7;42;76
30501;34809;1;71;52
30510;34831;6;78;15
30519;34840;5;31;25
30528;34847;2;5;26
30537;34850;-1;66;72
30546;34850;4;59;25
30555;34851;8;86;96
30564;34869;2;5;26
30573;34874;0;65;54
30582;34875;3;17;55
30591;34882;7;42;76
30600;34909;1;71;52
30609;34931;6;78;15
30618;34940;5;31;25
30627;34950;-1;66;72
30636;34950;4;59;25
30645;34951;8;86;96
30654;34969;2;5;26
30663;34974;0;65;54
30672;34975;3;17;55
30681;34982;7;42;76
30690;35009;1;71;52
30699;35031;6;78;15
30708;35040;5;31;25
30717;35050;-1;66;72
30726;35050;4;59;25
30735;35051;8;86;96
30744;35069;2;5;26
30753;35074;0;65;54
30762;35075;3;17;55
30771;35082;7;42;76
30780;35109;1;71;52
30789;35131;6;78;15
30798;35140;5;31;25
30807;35150;-1;66;72
30816;35150;4;59;25
30825;35151;8;86;96
30834;35169;2;5;26
30843;35174;0;65;54
30852;35175;3;17;55
30861;35182;7;42;76
30870;35209;1;71;52
30879;35231;6;78;15
30888;35240;5;31;25
30897;35250;-1;66;72
30906;35250;4;59;25
30915;35251;8;86;96
30924;35269;2;5;26
30933;35274;0;65;54
30942;35275;3;17;55
30951;35282;7;42;76
30960;35300;1;71;52
30969;35316;4;59;25
30978;35331;6;78;15
30987;35340;5;31;25
30996;35350;-1;66;72
31005;35351;8;86;96
31014;35364;-1;66;72
31023;35369;2;5;26
31032;35374;0;65;54
31041;35375;3;17;55
31050;35382;7;42;76
31059;35400;1;71;52
31068;35416;4;59;25
31077;35431;6;78;15
31086;35440;5;31;25
31095;35451;8;86;96
31104;35464;-1;66;72
31113;35469;2;5;26
31122;35474;0;65;54
31131;35475;3;17;55
31140;35482;7;42;76
31149;35500;1;71;52
31158;35516;4;59;25
31167;35531;6;78;15
31176;35540;5;31;25
31185;35551;8;86;96
31194;35564;-1;66;72
31203;35569;2;5;26
31212;35574;0;65;54
31221;35575;3;17;55
31230;35579;6;78;15
31239;35582;7;42;76
31248;35600;1;71;52
31257;35616;4;59;25
31266;35640;5;31;25
31275;35651;8;86;96
31284;35664;-1;66;72
31293;35669;2;5;26
31302;35674;0;65;54
31311;35675;3;17;55
31320;35679;6;78;15
31329;35682;7;42;76
31338;35700;1;71;52
31347;35710;5;31;25
31356;35716;4;59;25
31365;35751;8;86;96
31374;35764;-1;66;72
31383;35764;3;17;55
31392;35769;2;5;26
31401;35774;0;65;54
31410;35779;6;78;15
31419;35782;7;42;76
31428;35800;1;71;52
31437;35810;5;31;25
31446;35816;4;59;25
31455;35846;7;42;76
31464;35851;8;86;96
31473;35864;-1;66;72
31482;35864;3;17;55
31491;35869;2;5;26
31500;35874;0;65;54
31509;35879;6;78;15
31518;35900;1;71;52
31527;35905;2;5;26
31536;35910;5;31;25
31545;35916;4;59;25
31554;35943;8;86;96
31563;35946;7;42;76
31572;35964;-1;66;72
31581;35964;3;17;55
31590;35974;0;65;54
31599;35979;6;78;15
31608;36000;1;71;52
31617;36005;2;5;26
31626;36010;5;31;25
31635;36016;4;59;25
31644;36043;8;86;96
31653;36046;7;42;76
31662;36064;-1;66;72
31671;36064;3;17;55
31680;36074;0;65;54
31689;36079;6;78;15
31698;36100;1;71;52
31707;36105;2;5;26
31716;36110;5;31;25
31725;36116;4;59;25
31734;36143;8;86;96
31743;36146;7;42;76
31752;36150;4;59;25
31761;36164;-1;66;72
31770;36164;3;17;55
31779;36174;0;65;54
31788;36179;6;78;15
31797;36181;5;31;25
31806;36186;1;71;52
31815;36205;2;5;26
31824;36230;0;65;54
31833;36243;8;86;96
31842;36246;7;42;76
31851;36250;4;59;25
31860;36264;-1;66;72
31869;36264;3;17;55
31878;36279;6;78;15
31887;36281;5;31;25
31896;36286;1;71;52
31905;36305;2;5;26
31914;36327;7;42;76
31923;36330;0;65;54
31932;36343;8;86;96
31941;36350;4;59;25
31950;36364;-1;66;72
31959;36364;3;17;55
31968;36379;6;78;15
31977;36381;5;31;25
31986;36386;1;71;52
31995;36405;2;5;26
32004;36427;7;42;76
32013;36430;0;65;54
32022;36443;8;86;96
32031;36450;4;59;25
32040;36464;-1;66;72
32049;36464;3;17;55
32058;36479;6;78;15
32067;36481;5;31;25
32076;36486;1;71;52
32085;36501;6;78;15
32094;36505;2;5;26
32103;36527;7;42;76
32112;36530;0;65;54
32121;36543;8;86;96
32130;36550;4;59;25
32139;36564;-1;66;72
32148;36564;3;17;55
32157;36581;5;31;25
32166;36586;1;71;52
32175;36601;6;78;15
32184;36605;2;5;26
32193;36627;7;42;76
32202;36630;0;65;54
32211;36639;-1;66;72
32220;36643;8;86;96
32229;36650;4;59;25
32238;36664;3;17;55
32247;36675;4;59;25
32256;36681;5;31;25
32265;36686;1;71;52
32274;36701;6;78;15
32283;36705;1;71;52
32292;36705;2;5;26
32301;36727;7;42;76
32310;36730;0;65;54
32319;36739;-1;66;72
32328;36743;8;86;96
32337;36764;3;17;55
32346;36775;4;59;25
32355;36781;5;31;25
32364;36801;6;78;15
32373;36805;1;71;52
32382;36805;2;5;26
32391;36827;7;42;76
32400;36830;0;65;54
32409;36839;-1;66;72
32418;36843;8;86;96
32427;36864;3;17;55
32436;36875;4;59;25
32445;36881;5;31;25
32454;36901;6;78;15
32463;36905;1;71;52
32472;36905;2;5;26
32481;36923;8;86;96
32490;36927;7;42;76
32499;36930;0;65;54
32508;36939;-1;66;72
32517;36941;7;42;76
32526;36964;3;17;55
32535;36975;4;59;25
32544;36981;5;31;25
32553;37001;6;78;15
32562;37005;1;71;52
32571;37005;2;5;26
32580;37023;8;86;96
32589;37030;0;65;54
32598;37038;2;5;26
32607;37039;-1;66;72
32616;37041;7;42;76
32625;37064;3;17;55
32634;37075;4;59;25
32643;37081;5;31;25
32652;37082;3;17;55
32661;37101;6;78;15
32670;37105;1;71;52
32679;37123;8;86;96
32688;37130;0;65;54
32697;37138;2;5;26
32706;37139;-1;66;72
32715;37141;7;42;76
32724;37175;4;59;25
32733;37181;5;31;25
32742;37182;3;17;55
32751;37201;6;78;15
32760;37205;1;71;52
32769;37223;8;86;96
32778;37230;0;65;54
32787;37238;2;5;26
32796;37239;-1;66;72
32805;37241;7;42;76
32814;37275;4;59;25
32823;37281;5;31;25
32832;37282;3;17;55
32841;37301;6;78;15
32850;37305;1;71;52
32859;37323;6;78;15
32868;37323;8;86;96
32877;37330;0;65;54
32886;37338;2;5;26
32895;37339;-1;66;72
32904;37341;7;42;76
32913;37370;0;65;54
32922;37375;4;59;25
32931;37381;5;31;25
32940;37382;3;17;55
32949;37405;1;71;52
32958;37410;4;59;25
32967;37423;6;78;15
32976;37423;8;86;96
32985;37438;2;5;26
32994;37439;-1;66;72
33003;37441;7;42;76
33012;37470;0;65;54
33021;37471;2;5;26
33030;37481;5;31;25
33039;37482;3;17;55
33048;37505;1;71;52
33057;37510;4;59;25
33066;37523;6;78;15
33075;37523;8;86;96
33084;37539;-1;66;72
33093;37541;7;42;76
33102;37570;0;65;54
33111;37571;2;5;26
33120;37581;5;31;25
33129;37582;3;17;55
33138;37605;1;71;52
33147;37610;4;59;25
33156;37623;6;78;15
33165;37623;8;86;96
33174;37628;8;86;96
33183;37639;-1;66;72
33192;37641;7;42;76
33201;37670;0;65;54
33210;37670;5;31;25
33219;37671;2;5;26
33228;37682;3;17;55
33237;37705;1;71;52
33246;37710;4;59;25
33255;37713;3;17;55
33264;37723;6;78;15
33273;37728;8;86;96
33282;37739;-1;66;72
33291;37741;7;42;76
33300;37768;-1;66;72
33309;37770;0;65;54
33318;37770;5;31;25
33327;37771;2;5;26
33336;37805;1;71;52
33345;37810;4;59;25
33354;37813;3;17;55
33363;37823;6;78;15
33372;37828;8;86;96
33381;37841;7;42;76
33390;37865;7;42;76
33399;37868;-1;66;72
33408;37870;0;65;54
33417;37870;5;31;25
33426;37871;2;5;26
33435;37905;1;71;52
33444;37910;4;59;25
33453;37913;3;17;55
33462;37923;6;78;15
33471;37928;8;86;96
33480;37965;7;42;76
33489;37968;-1;66;72
33498;37970;0;65;54
33507;37970;5;31;25
33516;37971;2;5;26
33525;38005;1;71;52
33534;38010;4;59;25
33543;38013;3;17;55
33552;38023;6;78;15
33561;38028;8;86;96
33570;38035;4;59;25
33579;38065;7;42;76
33588;38068;-1;66;72
33597;38070;0;65;54
33606;38070;5;31;25
33615;38071;2;5;26
33624;38105;1;71;52
33633;38113;3;17;55
33642;38123;6;78;15
33651;38128;8;86;96
33660;38135;4;59;25
33669;38165;7;42;76
33678;38168;-1;66;72
33687;38170;0;65;54
33696;38170;5;31;25
33705;38171;2;5;26
33714;38201;1;71;52
33723;38213;3;17;55
33732;38223;6;78;15
33741;38228;8;86;96
33750;38235;4;59;25
33759;38265;7;42;76
33768;38268;-1;66;72
33777;38270;0;65;54
33786;38270;5;31;25
33795;38271;2;5;26
33804;38301;1;71;52
33813;38311;7;42;76
33822;38313;3;17;55
33831;38323;6;78;15
33840;38328;8;86;96
33849;38335;4;59;25
33858;38368;-1;66;72
33867;38370;0;65;54
33876;38370;5;31;25
33885;38371;2;5;26
33894;38401;1;71;52
33903;38402;2;5;26
33912;38411;7;42;76
33921;38413;3;17;55
33930;38423;6;78;15
33939;38428;8;86;96
33948;38435;4;59;25
33957;38468;-1;66;72
33966;38470;0;65;54
33975;38470;5;31;25
33984;38501;1;71;52
33993;38502;2;5;26
34002;38511;7;42;76
34011;38513;3;17;55
34020;38515;8;86;96
34029;38523;6;78;15
34038;38532;3;17;55
34047;38535;4;59;25
34056;38568;-1;66;72
34065;38570;0;65;54
34074;38570;5;31;25
34083;38601;1;71;52
34092;38602;2;5;26
34101;38611;7;42;76
34110;38615;8;86;96
34119;38623;6;78;15
34128;38632;3;17;55
34137;38635;4;59;25
34146;38668;-1;66;72
34155;38670;0;65;54
34164;38670;5;31;25
34173;38701;1;71;52
34182;38702;2;5;26
34191;38711;7;42;76
34200;38715;8;86;96
34209;38718;4;59;25
34218;38723;6;78;15
34227;38732;3;17;55
34236;38750;6;78;15
34245;38761;0;65;54
34254;38768;-1;66;72
34263;38770;5;31;25
34272;38801;1;71;52
34281;38802;2;5;26
34290;38811;7;42;76
34299;38815;8;86;96
34308;38818;4;59;25
34317;38832;3;17;55
34326;38841;2;5;26
34335;38850;6;78;15
34344;38861;0;65;54
34353;38865;5;31;25
34362;38868;-1;66;72
34371;38901;1;71;52
34380;38911;7;42;76
34389;38915;8;86;96
34398;38918;4;59;25
34407;38932;3;17;55
34416;38941;2;5;26
34425;38950;6;78;15
34434;38961;0;65;54
34443;38965;5;31;25
34452;38968;-1;66;72
34461;38973;7;42;76
34470;39001;1;71;52
34479;39015;8;86;96
34488;39018;4;59;25
34497;39032;3;17;55
34506;39036;1;71;52
34515;39041;2;5;26
34524;39050;6;78;15
34533;39061;0;65;54
34542;39065;5;31;25
34551;39068;-1;66;72
34560;39073;7;42;76
34569;39115;8;86;96
34578;39118;4;59;25
34587;39132;3;17;55
34596;39136;1;71;52
34605;39141;2;5;26
34614;39150;6;78;15
34623;39161;0;65;54
34632;39165;5;31;25
34641;39166;6;78;15
34650;39168;-1;66;72
34659;39173;7;42;76
34668;39215;8;86;96
34677;39218;4;59;25
34686;39227;-1;66;72
34695;39232;3;17;55
34704;39236;1;71;52
34713;39241;2;5;26
34722;39261;0;65;54
34731;39265;5;31;25
34740;39266;6;78;15
34749;39273;7;42;76
34758;39315;8;86;96
34767;39318;4;59;25
34776;39327;-1;66;72
34785;39332;3;17;55
34794;39336;1;71;52
34803;39341;2;5;26
34812;39361;0;65;54
34821;39365;5;31;25
34830;39366;6;78;15
34839;39373;7;42;76
34848;39415;8;86;96
34857;39418;4;59;25
34866;39427;-1;66;72
34875;39432;3;17;55
34884;39436;1;71;52
34893;39441;2;5;26
34902;39461;0;65;54
34911;39465;5;31;25
34920;39466;6;78;15
34929;39473;7;42;76
34938;39515;8;86;96
34947;39518;4;59;25
34956;39522;1;71;52
34965;39527;-1;66;72
34974;39532;3;17;55
34983;39541;2;5;26
34992;39561;0;65;54
35001;39565;5;31;25
35010;39566;6;78;15
35019;39573;7;42;76
35028;39615;8;86;96
35037;39618;4;59;25
35046;39622;1;71;52
35055;39627;-1;66;72
35064;39632;3;17;55
35073;39641;2;5;26
35082;39661;0;65;54
35091;39665;5;31;25
35100;39666;6;78;15
35109;39673;7;42;76
35118;39696;5;31;25
35127;39715;8;86;96
35136;39718;4;59;25
35145;39722;1;71;52
35154;39727;-1;66;72
35163;39732;3;17;55
35172;39735;0;65;54
35181;39741;2;5;26
35190;39753;3;17;55
35199;39766;6;78;15
35208;39773;7;42;76
35217;39796;5;31;25
35226;39815;8;86;96
35235;39818;4;59;25
35244;39822;1;71;52
35253;39827;-1;66;72
35262;39835;0;65;54
35271;39841;2;5;26
35280;39853;3;17;55
35289;39854;4;59;25
35298;39856;8;86;96
35307;39866;6;78;15
35316;39873;7;42;76
35325;39896;5;31;25
35334;39922;1;71;52
35343;39927;-1;66;72
35352;39935;0;65;54
35361;39941;2;5;26
35370;39953;3;17;55
35379;39954;4;59;25
35388;39956;8;86;96
35397;39966;6;78;15
35406;39973;7;42;76
35415;39996;5;31;25
35424;40002;6;78;15
35433;40022;1;71;52
35442;40027;-1;66;72
35451;40035;0;65;54
35460;40041;2;5;26
35469;40053;3;17;55
35478;40054;4;59;25
35487;40056;8;86;96
35496;40063;2;5;26
35505;40073;7;42;76
35514;40096;5;31;25
35523;40102;6;78;15
35532;40122;1;71;52
35541;40127;-1;66;72
35550;40135;0;65;54
35559;40153;3;17;55
35568;40154;4;59;25
35577;40156;8;86;96
35586;40163;2;5;26
35595;40173;7;42;76
35604;40196;5;31;25
35613;40202;6;78;15
35622;40222;1;71;52
35631;40227;-1;66;72
35640;40235;0;65;54
35649;40253;3;17;55
35658;40254;4;59;25
35667;40256;8;86;96
35676;40263;2;5;26
35685;40273;7;42;76
35694;40296;5;31;25
35703;40302;6;78;15
35712;40319;1;71;52
35721;40323;3;17;55
35730;40327;-1;66;72
35739;40335;0;65;54
35748;40354;4;59;25
35757;40356;8;86;96
35766;40363;2;5;26
35775;40373;7;42;76
35784;40396;5;31;25
35793;40402;6;78;15
35802;40403;7;42;76
35811;40419;1;71;52
35820;40423;3;17;55
35829;40427;-1;66;72
35838;40435;0;65;54
35847;40454;4;59;25
35856;40456;8;86;96
35865;40463;2;5;26
35874;40488;8;86;96
35883;40496;5;31;25
35892;40502;6;78;15
35901;40503;7;42;76
35910;40519;1;71;52
35919;40523;3;17;55
35928;40527;-1;66;72
35937;40535;0;65;54
35946;40554;4;59;25
35955;40563;2;5;26
35964;40588;8;86;96
35973;40596;5;31;25
35982;40602;6;78;15
35991;40603;7;42;76
36000;40619;1;71;52
36009;40623;3;17;55
36018;40627;-1;66;72
36027;40635;0;65;54
36036;40639;-1;66;72
36045;40654;4;59;25
36054;40663;2;5;26
36063;40688;8;86;96
36072;40696;5;31;25
36081;40702;6;78;15
36090;40703;7;42;76
36099;40719;1;71;52
36108;40723;3;17;55
36117;40735;0;65;54
36126;40739;-1;66;72
36135;40754;4;59;25
36144;40763;2;5;26
36153;40788;8;86;96
36162;40795;4;59;25
36171;40796;5;31;25
36180;40802;6;78;15
36189;40803;7;42;76
36198;40819;1;71;52
36207;40823;3;17;55
36216;40835;0;65;54
36225;40839;-1;66;72
36234;40861;5;31;25
36243;40863;2;5;26
36252;40888;8;86;96
36261;40895;4;59;25
36270;40902;6;78;15
36279;40903;7;42;76
36288;40919;1;71;52
36297;40923;3;17;55
36306;40935;0;65;54
36315;40939;-1;66;72
36324;40961;5;31;25
36333;40963;2;5;26
36342;40988;8;86;96
36351;40995;4;59;25
36360;41002;6;78;15
36369;41003;7;42;76
36378;41019;1;71;52
36387;41023;3;17;55
36396;41035;0;65;54
36405;41039;-1;66;72
36414;41061;5;31;25
36423;41063;2;5;26
36432;41088;8;86;96
36441;41093;0;65;54
36450;41095;4;59;25
36459;41102;6;78;15
36468;41103;7;42;76
36477;41119;1;71;52
36486;41123;3;17;55
36495;41139;-1;66;72
36504;41141;2;5;26
36513;41161;5;31;25
36522;41188;8;86;96
36531;41193;0;65;54
36540;41195;4;59;25
36549;41202;6;78;15
36558;41203;7;42;76
36567;41219;1;71;52
36576;41223;3;17;55
36585;41239;-1;66;72
36594;41241;2;5;26
36603;41261;5;31;25
36612;41288;8;86;96
36621;41293;0;65;54
36630;41295;4;59;25
36639;41302;6;78;15
36648;41303;7;42;76
36657;41314;6;78;15
36666;41319;1;71;52
36675;41322;-1;66;72
36684;41323;3;17;55
36693;41341;2;5;26
36702;41361;5;31;25
36711;41388;8;86;96
36720;41393;0;65;54
36729;41395;4;59;25
36738;41403;7;42;76
36747;41414;6;78;15
36756;41415;1;71;52
36765;41422;-1;66;72
36774;41423;3;17;55
36783;41441;2;5;26
36792;41461;5;31;25
36801;41488;8;86;96
36810;41493;0;65;54
36819;41495;4;59;25
36828;41503;7;42;76
36837;41514;6;78;15
36846;41515;1;71;52
36855;41522;-1;66;72
36864;41523;3;17;55
36873;41541;2;5;26
36882;41561;5;31;25
36891;41585;3;17;55
36900;41588;8;86;96
36909;41593;0;65;54
36918;41595;4;59;25
36927;41603;7;42;76
36936;41610;5;31;25
36945;41614;6;78;15
36954;41615;1;71;52
36963;41622;-1;66;72
36972;41629;0;65;54
36981;41641;2;5;26
